,name,city,country,region,members,fullurl,created,past_events,upcoming_events,visibility,last_event
2,ODSC Vancouver Data Science,Vancouver,Canada,US/Canada,357,https://www.meetup.com/ODSC-Vancouver-Data-Science/,22-11-2019,58,1,public,02-06-2021
3,ODSC Denver Data Science,Denver,USA,US/Canada,167,https://www.meetup.com/ODSC-Denver-Data-Science/,22-11-2019,67,1,public,02-06-2021
6,Clarksville Data Science and R Users Meetup Group,Clarksville,USA,US/Canada,26,https://www.meetup.com/Clarksville-Data-Science-and-R-Users-Meetup-Group/,13-06-2019,2,0,public,11-08-2019
7,R UseR Group at Harvard Data Science Initiative,Cambridge,USA,US/Canada,51,https://www.meetup.com/r-user-group-at-harvard-data-science-initiative/,25-05-2021,1,0,public,10-06-2021
8,FREE ! Learn R for Big Data / Data Science,London,United Kingdom,Europe,839,https://www.meetup.com/Learn-R-for-Big-Data/,31-08-2018,46,0,public,23-12-2020
9,Bangalore Data Science and Analytics Using R Meetup,Bangalore,India,Asia,223,https://www.meetup.com/Bangalore-Data-Science-and-Analytics-Using-R-Meetup/,09-11-2018,0,0,public,01-01-1970
13,BerlinR - an R group focused on modern data science,Berlin,Germany,Europe,630,https://www.meetup.com/BerlinR-R-users-group/,23-10-2018,8,0,public,05-02-2020
14,Greater Cleveland Python/Julia/R Data Science Group,Cleveland,USA,US/Canada,589,https://www.meetup.com/Greater-Cleveland-SciPy-Julia-R-Data-Science-Group/,12-03-2016,33,0,public_limited,03-08-2019
16,Miami R User Group,Miami,USA,US/Canada,11,https://www.meetup.com/miami-r-user-group/,28-04-2021,0,0,public,01-01-1970
17,LA R users group,Santa Monica,USA,US/Canada,2364,https://www.meetup.com/Los-Angeles-R-Users-Group-Data-Science/,21-03-2009,129,0,public,19-05-2021
18,R User Group Eindhoven,Eindhoven,Netherlands,Europe,102,https://www.meetup.com/R-User-Group-Eindhoven/,28-02-2019,11,0,public,24-01-2021
19,Las Vegas R User Group,Las Vegas,USA,US/Canada,29,https://www.meetup.com/Las-Vegas-R-User-Group/,28-09-2018,0,0,public,01-01-1970
20,Seoul R Meetup Group,Seoul,Korea (South),Asia,242,https://www.meetup.com/seoul-r-meetup/,08-08-2020,8,0,public,14-04-2021
21,Montreal R User Group,Montréal,Canada,US/Canada,1636,https://www.meetup.com/Montreal-R-User-Group/,13-03-2012,105,5,public,09-06-2021
22,Eskisehir R Users Group & ESTÜ Veri Bilimi Kulübü,Eskisehir,Turkey,Europe,101,https://www.meetup.com/Eskisehir-R-Users-Group-Data-Science-Society/,28-02-2020,11,0,public,16-04-2021
23,Colchester R Meetup,Colchester,United Kingdom,Europe,289,https://www.meetup.com/Colchester-R-Meetup/,16-04-2018,16,0,public,22-10-2020
24,Phoenix R User Group,Phoenix,USA,US/Canada,883,https://www.meetup.com/Phoenix-R-User-Group/,16-04-2016,18,0,public,24-08-2018
25,The Chicago R User Group (CRUG),Chicago,USA,US/Canada,3863,https://www.meetup.com/Chicago-R-User-Group/,05-04-2010,79,1,public,19-02-2020
26,Orange County R Users Group (OCRUG),Irvine,USA,US/Canada,795,https://www.meetup.com/OC-RUG/,17-12-2014,100,1,public,19-05-2021
27,University of Ibadan R Users Group (UI RUG),Ibadan,Nigeria,Africa,89,https://www.meetup.com/University-of-Ibadan-R-Users-Group-UI-RUG/,14-02-2020,1,0,public,07-03-2020
28,Applied R Munich,München,Germany,Europe,1179,https://www.meetup.com/Applied-R-Munich/,16-10-2015,14,0,public,11-12-2020
29,Oxford R User Group,Oxford,United Kingdom,Europe,588,https://www.meetup.com/Oxford-R-User-Group/,17-08-2017,23,0,public,03-02-2020
30,Poznan R Users Group (PAZUR),Poznan,Poland,Europe,624,https://www.meetup.com/Poznan-R-User-Group-PAZUR/,27-11-2015,23,0,public,30-01-2020
31,Chico R Users Group,Chico,USA,US/Canada,58,https://www.meetup.com/Chico-R-Users-Group/,07-12-2015,86,0,public,12-08-2020
32,Cebu R Users Group (CRUG),Cebu,Philippines,Asia,58,https://www.meetup.com/Cebu-R-Users-Group-CRUG/,17-09-2014,2,0,public_limited,19-03-2015
33,R User Group Kano,Kano,Nigeria,Africa,23,https://www.meetup.com/r-user-group-kano/,28-11-2020,1,0,public,17-01-2021
34,Rhus - useR group,Århus,Denmark,Europe,237,https://www.meetup.com/Rhus-useR-group/,19-01-2015,5,0,public,03-12-2019
35,Bauru R Big Data Analytics Meetup,Bauru,Brazil,Latin America,50,https://www.meetup.com/Bauru-R-Big-Data-Analytics-Meetup/,22-05-2016,0,0,public,01-01-1970
37,Bengaluru R UseR Group (BRUG),Bangalore,India,Asia,1853,https://www.meetup.com/BengaluRu-use-R-gRoup/,28-08-2018,18,0,public,28-02-2021
38,Lansing Area R Users Group,East Lansing,USA,US/Canada,220,https://www.meetup.com/Lansing-Area-R-Users-Group/,24-01-2012,31,0,public,09-03-2020
39,Milwaukee R Meetup,Milwaukee,USA,US/Canada,300,https://www.meetup.com/Milwaukee-R-Meetup/,05-06-2015,9,0,public,19-03-2020
42,San Diego Data Science & R Users Group,Del Mar,USA,US/Canada,909,https://www.meetup.com/San-Diego-Data-Science-R-Users-Group/,14-10-2009,32,0,public,31-03-2017
43,Abuja R User Group,Abuja,Nigeria,Africa,420,https://www.meetup.com/Abuja-R-User-Group-Meetup/,16-10-2019,13,1,public,01-05-2021
44,PhillyR,Philadelphia,USA,US/Canada,867,https://www.meetup.com/PhillyR/,19-04-2016,18,0,public,15-11-2019
47,CaRdiff - the Cardiff R User Group,Cardiff,United Kingdom,Europe,758,https://www.meetup.com/Cardiff-R-User-Group/,19-12-2014,143,0,public,29-04-2021
48,R User Group Nepal,Kathmandu,Nepal,Asia,184,https://www.meetup.com/rugnepal/,16-09-2018,5,0,public,07-03-2020
49,Central Iowa R User Group,Des Moines,USA,US/Canada,712,https://www.meetup.com/Central-Iowa-R-User-Group/,15-06-2015,270,1,public,05-06-2021
50,R Users & R-Ladies Warsaw (Spotkania Entuzjastów R),Warsaw,Poland,Europe,2850,https://www.meetup.com/Spotkania-Entuzjastow-R-Warsaw-R-Users-Group-Meetup/,06-10-2014,119,1,public,18-05-2021
51,Nairobi R Users Group,Nairobi,Kenya,Africa,50,https://www.meetup.com/Nairobi-R-Users-Group/,30-03-2017,0,0,public,01-01-1970
52,Cairo R Users Group,Cairo,Egypt,Africa,2230,https://www.meetup.com/Cairo-R-Users-Group/,30-04-2015,5,0,public,06-01-2020
53,Dar Es Salaam R Users Group,Dar es Salaam,Tanzania,Africa,847,https://www.meetup.com/DarEs-Salaam-R-users/,30-04-2015,2,0,public,23-07-2020
54,Budapest Users of R Network,Budapest,Hungary,Europe,1682,https://www.meetup.com/Budapest-Users-of-R-Network/,11-08-2013,57,0,public,29-01-2020
55,"Exeter R Users Group (Exeter, Devon, England)",Exeter,United Kingdom,Europe,244,https://www.meetup.com/Exeter-R-Users-Group-Exeter-Devon-England/,14-01-2014,16,0,public,09-09-2019
56,STWUR - Wroclaw R Users Group Meetup,Wroclaw,Poland,Europe,1117,https://www.meetup.com/Wroclaw-R-Users-Group/,17-01-2017,32,0,public,24-09-2020
57,Cork (Ireland) R-Users Group,Cork,Ireland,Europe,670,https://www.meetup.com/Cork-Ireland-R-Users-Group/,01-07-2015,52,0,public,10-02-2020
58,St. Petersburg R User Group,St. Petersburg,Russia,Europe,1124,https://www.meetup.com/St-Petersburg-R-User-Group/,11-03-2015,17,0,public,11-12-2020
59,Bmore UseR Group,Baltimore,USA,US/Canada,143,https://www.meetup.com/Bmore-UseR-Group/,26-08-2016,1,0,public,20-09-2017
60,Columbus useR Group,Columbus,USA,US/Canada,196,https://www.meetup.com/Columbus-useR-Group/,17-03-2014,3,0,public,28-01-2015
61,Detroit useR Group (R Programming Language),Birmingham,USA,US/Canada,312,https://www.meetup.com/Detroit-useR-Group-R-Programming-Language/,19-06-2013,6,0,public,08-01-2017
62,Tampa R Users Group,Tampa,USA,US/Canada,534,https://www.meetup.com/Tampa-R-Users-Group/,28-07-2017,30,0,public,25-08-2020
63,Western Australia R Group (WARG),Perth,Australia,Australia,183,https://www.meetup.com/Western-Australia-R-Group-WARG/,27-06-2014,9,0,public,21-07-2016
64,Berlin R Users Group,Berlin,Germany,Europe,2198,https://www.meetup.com/Berlin-R-Users-Group/,04-01-2015,60,2,public,31-05-2021
65,Johannesburg R User Group (R Programming Language),Johannesburg,South Africa,Africa,904,https://www.meetup.com/Joburg-R-Users-Group/,03-05-2015,12,0,public,03-12-2020
66,Meetup R Nantes,Nantes,France,Europe,716,https://www.meetup.com/Meetup-R-Nantes/,27-06-2016,23,0,public,02-12-2019
67,NottinghamR - Nottingham R Users Group,Nottingham,United Kingdom,Europe,390,https://www.meetup.com/NottinghamR-Nottingham-R-Users-Group/,08-01-2016,8,0,public_limited,04-11-2020
68,Kiel R User Group,Kiel,Germany,Europe,20,https://www.meetup.com/Kiel-R-User-Group/,22-11-2019,0,0,public,01-01-1970
69,Greater Toronto Area (GTA) R User Group,Toronto,Canada,US/Canada,1484,https://www.meetup.com/Greater-Toronto-Area-GTA-R-Users-Group/,07-10-2010,37,0,public,09-12-2020
70,Pittsburgh useR Group,Pittsburgh,USA,US/Canada,585,https://www.meetup.com/Pittsburgh-useR-Group/,26-03-2013,38,0,public,10-03-2021
71,Santa Barbara R Users Group,Santa Barbara,USA,US/Canada,442,https://www.meetup.com/Santa-Barbara-R-Users-Group/,27-02-2013,27,0,public,21-04-2021
72,Adelaide R Users Group,Adelaide,Australia,Australia,316,https://www.meetup.com/Adelaide-R-Users/,07-11-2016,4,0,public,25-09-2019
73,Greater Boston useR Group (R Programming Language),Boston,USA,US/Canada,4794,https://www.meetup.com/Boston-useR/,10-02-2011,78,2,public,27-05-2021
74,Abidjan R users Meetup,Abidjan,Ivory Coast,Africa,589,https://www.meetup.com/Abidjan-R-users-Meetup/,27-03-2018,9,0,public,25-04-2020
75,Riyadh UseR Group,Riyadh,Saudi Arabia,Asia,396,https://www.meetup.com/Riyadh-UseR-Group/,06-12-2016,1,0,public,15-12-2016
76,Boston R/Bioconductor for Genomics,Boston,USA,US/Canada,821,https://www.meetup.com/Boston-R-Bioconductor-for-genomics/,03-08-2016,21,0,public,05-02-2020
77,Bogotá R Users Group Meetup (Shiny data apps),Bogotá,Colombia,Latin America,151,https://www.meetup.com/Bogota-R-Users-Group-Meetup-Shiny-data-apps/,27-12-2014,1,0,public,22-01-2015
78,Waco R User Group,Waco,USA,US/Canada,3,https://www.meetup.com/waco-r-user-group/,20-05-2021,0,0,public,01-01-1970
79,DuPage R Meetup,Lisle,USA,US/Canada,234,https://www.meetup.com/DuPage-R-Meetup/,18-09-2018,6,0,public,03-10-2019
80,New York R User Group,New York,USA,US/Canada,1053,https://www.meetup.com/New-York-R-Users-Group/,24-08-2013,43,3,public,02-11-2016
81,CopenhagenR - useR Group,Copenhagen,Denmark,Europe,1382,https://www.meetup.com/CopenhagenR-useR-Group/,03-09-2013,36,0,public,14-01-2021
83,Zurich R User Group,Zürich,Switzerland,Europe,1932,https://www.meetup.com/Zurich-R-User-Group/,18-11-2015,32,0,public,29-10-2020
84,Mastering R at MI^2,Warsaw,Poland,Europe,101,https://www.meetup.com/Mastering-R-at-MI-2/,06-11-2018,1,0,public,03-12-2018
85,Grupo de Usuarios de R de Madrid,Madrid,Spain,Europe,2475,https://www.meetup.com/Grupo-de-Usuarios-de-R-de-Madrid/,20-02-2015,43,0,public,26-05-2021
86,Kansas City R Users Group,Kansas City,USA,US/Canada,1004,https://www.meetup.com/Kansas-City-R-Users-Group/,02-12-2013,85,7,public,08-05-2021
87,Trenton R Users (TRU),Trenton,USA,US/Canada,500,https://www.meetup.com/TRUgroup/,27-01-2015,75,7,public,22-05-2021
88,Inland Northwest R User Group (INRUG),Spokane,USA,US/Canada,163,https://www.meetup.com/Inland-Northwest-R-User-Group-INRUG/,29-03-2015,37,0,public,15-05-2021
89,Grupo de Usuários de R em Ouro Preto,Ouro Preto,Brazil,Latin America,33,https://www.meetup.com/Grupo-de-Usuarios-de-R-em-Ouro-Preto/,04-02-2020,3,0,public,17-03-2020
90,"Brasília UseR Meetup (Linguagem de Programação ""R"")",Brasília,Brazil,Latin America,593,https://www.meetup.com/Brasilia-UseR-Meetup/,05-07-2015,5,0,public,26-09-2017
91,Central Illinois SAS® User Group Meetup,Springfield,USA,US/Canada,107,https://www.meetup.com/Central-Illinois-SAS-User-Group-Meetup/,14-11-2014,31,0,public,13-05-2021
92,Winnipeg R User Group,Winnipeg,Canada,US/Canada,126,https://www.meetup.com/Winnipeg-R-User-Group/,03-11-2018,12,0,public,15-02-2020
93,Austin R User Group,Austin,USA,US/Canada,1635,https://www.meetup.com/Austin-R-User-Group/,16-01-2012,51,0,public,20-11-2019
95,Cleveland R User Group,Independence,USA,US/Canada,855,https://www.meetup.com/Cleveland-UseR-Group/,16-01-2012,88,2,public,12-06-2021
96,AalborgRUG,Aalborg,Denmark,Europe,227,https://www.meetup.com/AalborgRUG/,30-09-2017,17,0,public,03-06-2021
97,IndyUseR Group,Indianapolis,USA,US/Canada,603,https://www.meetup.com/Indy-useR-Group/,28-06-2013,72,4,public,18-05-2021
98,Lucerne R User Group,Luzern,Switzerland,Europe,94,https://www.meetup.com/Lucerne-R-User-Group/,08-04-2020,9,0,public,26-05-2021
99,KNIME User Group UK,London,United Kingdom,Europe,414,https://www.meetup.com/KNIME-User-Group-UK/,29-11-2013,38,1,public,01-06-2021
100,Greater Portland useR Group (R programming language),Portland,USA,US/Canada,179,https://www.meetup.com/Greater-Portland-useR-Group/,10-08-2018,13,1,public,13-01-2021
101,B'moRe R PRogramming for EveRyone,Baltimore,USA,US/Canada,65,https://www.meetup.com/bmore-r-programming-for-everyone/,29-11-2020,6,0,public,13-05-2021
102,Meetup de Grupo de Usuarios de R de Málaga,Málaga,Spain,Europe,180,https://www.meetup.com/Meetup-de-Grupo-de-Usuarios-de-R-de-Malaga/,15-02-2019,11,0,public,24-02-2021
103,Sevilla R Users,Sevilla,Spain,Europe,613,https://www.meetup.com/Sevilla-R-users/,13-03-2017,27,0,public,24-06-2020
104,Patra's R Users Group,Pátrai,Greece,Europe,138,https://www.meetup.com/Patras-R-Users-Group/,07-05-2015,3,0,public,07-10-2015
105,ZagReb,Zagreb,Croatia,Europe,272,https://www.meetup.com/zagreb-r-group/,30-03-2017,5,0,public,04-04-2018
106,Portsmouth R User Group Meetup,Portsmouth,United Kingdom,Europe,188,https://www.meetup.com/Portsmouth-R-User-Group/,26-06-2018,10,0,public,14-01-2021
107,Prague R Meetup Group,Prague,Czech Republic,Europe,663,https://www.meetup.com/Prague-R-Meetup-Group/,16-03-2015,8,0,public,22-05-2019
108,R User Group Finland,Helsinki,Finland,Europe,257,https://www.meetup.com/R-User-Group-Finland/,31-08-2015,1,0,public,30-09-2015
109,Campinas R Users Meetup,Campinas,Brazil,Latin America,327,https://www.meetup.com/Campinas-R-Users-Meetup/,19-11-2014,10,0,public,18-11-2015
110,UVa R Users Group,Charlottesville,USA,US/Canada,596,https://www.meetup.com/UVa-R-Users-Group/,04-08-2014,23,0,public,27-08-2019
111,Charlotte R Users Group,Charlotte,USA,US/Canada,866,https://www.meetup.com/Charlotte-R-Users-Group/,17-12-2013,32,0,public,21-04-2020
112,Panama R User's Group,Panamá,Panama,Latin America,568,https://www.meetup.com/Panama-R-Users-Group/,13-02-2017,18,0,public,28-03-2020
113,Ann Arbor R User Group,Ann Arbor,USA,US/Canada,791,https://www.meetup.com/Ann-Arbor-R-User-Group/,26-05-2014,69,0,public,10-12-2020
114,San Carlos R User Group,Quesada,Costa Rica,Latin America,636,https://www.meetup.com/San-Carlos-R-User-Group/,20-01-2016,35,0,public,10-08-2019
115,Dallas R Users Group,Dallas,USA,US/Canada,2250,https://www.meetup.com/Dallas-R-Users-Group/,19-02-2011,87,0,public,22-04-2021
116,The México City R Users Group,México City,Mexico,Latin America,159,https://www.meetup.com/The-Mexico-City-R-Users-Group/,05-02-2014,4,0,public,02-12-2015
117,Utah County R User Group,Provo,USA,US/Canada,113,https://www.meetup.com/utah-county-rug/,22-01-2019,6,0,public,27-02-2020
118,Wellington R Users Group (WRUG),Wellington,New Zealand,Australia,345,https://www.meetup.com/Wellington-R-Users-Group-WRUG/,04-09-2013,12,0,public,27-02-2018
119,Oslo useR! Group,Oslo,Norway,Europe,1761,https://www.meetup.com/Oslo-useR-Group/,11-02-2015,39,1,public,20-05-2021
120,R User Group - Philippines,Manila,Philippines,Asia,1463,https://www.meetup.com/R-User-Group-Philippines/,20-08-2013,88,3,public,19-05-2021
121,Salt Lake City R Users Group,Salt Lake City,USA,US/Canada,1377,https://www.meetup.com/slc-rug/,06-11-2017,34,1,public,05-05-2021
122,RVA R User's Group.,Richmond,USA,US/Canada,50,https://www.meetup.com/RVA-R-Users-Group/,29-01-2018,9,0,public,18-12-2019
123,Waco R Users Group (OLD),Waco,USA,US/Canada,6,https://www.meetup.com/waco-r-users-group/,20-05-2021,0,0,public,01-01-1970
124,Malaysia R User Public Group,Kuala Lumpur,Malaysia,Asia,266,https://www.meetup.com/Malaysia-R-User-Group/,25-09-2018,4,0,public,21-11-2020
125,Tecate BC México R Users Group Meetup,Tecate,Mexico,Latin America,17,https://www.meetup.com/Tecate-BC-Mexico-R-Users-Group-Meetup/,11-09-2014,0,0,public,01-01-1970
126,San Diego R Users Group,San Diego,USA,US/Canada,59,https://www.meetup.com/sd-r-users/,06-10-2019,3,0,public,30-07-2020
127,Twin Cities R User Group (TCRUG),Minneapolis,USA,US/Canada,1876,https://www.meetup.com/twincitiesrug/,26-01-2011,67,0,public,22-05-2020
128,Denver R User Group,Denver,USA,US/Canada,1461,https://www.meetup.com/DenverRUG/,25-08-2010,76,0,public,10-03-2020
129,R User Group - Singapore (RUGS),Singapore,Singapore,Asia,1993,https://www.meetup.com/R-User-Group-SG/,26-07-2010,81,2,public_limited,28-01-2021
130,Saint Louis R User Group,Saint Louis,USA,US/Canada,987,https://www.meetup.com/Saint-Louis-RUG/,26-01-2011,71,0,public,16-09-2020
131,Ottawa-Gatineau R Users Group,Ottawa,Canada,US/Canada,18,https://www.meetup.com/ottawa-gatineau-r-users-group/,29-03-2021,0,0,public,01-01-1970
132,South Central PA R-Ladies,Middletown,USA,US/Canada,9,https://www.meetup.com/South-Central-PA-R-Ladies/,24-08-2019,0,0,public,01-01-1970
133,Portland R User Group,Portland,USA,US/Canada,1771,https://www.meetup.com/portland-r-user-group/,04-08-2010,167,0,public,27-05-2021
134,Wiesbaden R User Group,Wiesbaden,Germany,Europe,447,https://www.meetup.com/Wiesbaden-R-Users-Group/,28-01-2011,98,2,public,09-06-2021
135,R Users Monterrey,Monterrey,Mexico,Latin America,50,https://www.meetup.com/R-Users-Monterrey/,10-08-2017,2,0,public,11-03-2020
136,"R Users Group, Gainesville, FL",Gainesville,USA,US/Canada,539,https://www.meetup.com/R-Users-Group-Gainesville-FL/,22-05-2013,35,1,public,11-05-2021
137,Cali R Users Group (Cali),Cali,Colombia,Latin America,609,https://www.meetup.com/R-Users-Group-Cali/,23-12-2014,9,0,public,29-02-2020
138,Turkish Community of R,Ankara,Turkey,Europe,1327,https://www.meetup.com/tcr-users/,08-03-2013,11,0,public,11-01-2021
139,Vancouver R Users Group (data analysis / statistics),Vancouver,Canada,US/Canada,1034,https://www.meetup.com/Vancouver-R-Users-Group-data-analysis-statistics/,09-02-2011,20,0,public,03-08-2015
140,SheffieldR - Sheffield R Users Group,Sheffield,United Kingdom,Europe,466,https://www.meetup.com/SheffieldR-Sheffield-R-Users-Group/,28-03-2013,56,0,public,03-03-2020
141,Kyiv useR! Group,Kyiv,Ukraine,Europe,573,https://www.meetup.com/Kyiv-useR-Group/,21-04-2015,7,0,public,15-08-2018
142,Auckland R Users Group (AKLRUG),Auckland,New Zealand,Australia,1358,https://www.meetup.com/Auckland-R-Users-Group-AKLRUG/,08-01-2013,23,0,public,12-05-2021
143,mumbai-r-user-group,Mumbai,India,Asia,571,https://www.meetup.com/mumbai-r-user-group/,15-09-2013,31,1,public,02-02-2017
144,DakaR R User Group,Dakar,Senegal,Africa,283,https://www.meetup.com/DakaR-R-User-Group/,23-10-2013,8,0,public,02-10-2020
145,Bozeman Area R useR Group,Bozeman,USA,US/Canada,165,https://www.meetup.com/Bozeman-useR-Group-R-Programming-Language/,30-05-2013,25,0,public,02-03-2018
146,Atlanta R Users Group,Atlanta,USA,US/Canada,951,https://www.meetup.com/R-Users-Atlanta/,14-02-2012,31,1,public,29-04-2021
147,Albany R Users Group,Albany,USA,US/Canada,298,https://www.meetup.com/Albany-R-Users-Group/,20-03-2014,16,0,public,28-02-2019
148,Offa R Users Group,Offa,Nigeria,Africa,175,https://www.meetup.com/FEDPOFA-R-Users-Group/,20-09-2013,40,0,public,31-05-2021
149,New Delhi  UseR Group (R Programming Language),Delhi,India,Asia,1442,https://www.meetup.com/New-Delhi-R-UseR-Group/,21-10-2012,87,0,public_limited,18-08-2018
150,Leipzig R statistical computing,Leipzig,Germany,Europe,254,https://www.meetup.com/Leipzig-R-statistical-computing/,22-10-2011,11,0,public,16-04-2018
151,Bay Area useR Group (R Programming Language),San Francisco,USA,US/Canada,6569,https://www.meetup.com/R-Users/,17-07-2008,153,0,public,20-04-2021
152,Sydney Users of  R Forum (SURF),Sydney,Australia,Australia,2820,https://www.meetup.com/R-Users-Sydney/,06-06-2010,115,1,public,11-03-2020
153,amst-R-dam,Amsterdam,Netherlands,Europe,1236,https://www.meetup.com/amst-R-dam/,09-09-2010,33,0,public,20-06-2019
154,Florianópolis R-NNQ R users group,Florianópolis,Brazil,Latin America,551,https://www.meetup.com/Florianopolis-R-NNQ-R-users-group/,06-05-2016,19,0,public,28-11-2019
155,Melbourne Users of R Network (MelbURN),Melbourne,Australia,Australia,2981,https://www.meetup.com/MelbURN-Melbourne-Users-of-R-Network/,04-08-2010,101,1,public,10-11-2020
157,Data Science Festival - London,London,United Kingdom,Europe,11329,https://www.meetup.com/Data-Science-Festival-London/,25-04-2016,125,1,public,10-06-2021
158,ODSC Zurich Data Science,Zürich,Switzerland,Europe,1069,https://www.meetup.com/Zurich-Data-Sciece-ODSC/,02-08-2018,93,3,public,08-06-2021
159,ODSC Dublin Data Science,Dublin,Ireland,Europe,1472,https://www.meetup.com/Dublin-Data-Science-ODSC/,02-08-2018,95,4,public,08-06-2021
160,ODSC Austin Data Science,Austin,USA,US/Canada,738,https://www.meetup.com/Data-Science-ODSC-Austin/,21-12-2018,94,1,public,02-06-2021
161,ODSC Manchester Data Science,Manchester,United Kingdom,Europe,684,https://www.meetup.com/Data-Science-ODSC-Manchester/,16-08-2018,78,5,public,08-06-2021
162,Data Science Festival - Berlin,Berlin,Germany,Europe,476,https://www.meetup.com/meetup-group-Berlin/,16-10-2019,63,1,public,10-06-2021
163,ODSC Stockholm Data Science,Stockholm,Sweden,Europe,732,https://www.meetup.com/Stockholm-Data-Sciece-ODSC/,02-08-2018,68,3,public,08-06-2021
164,ODSC Birmingham Data Science,Birmingham,United Kingdom,Europe,412,https://www.meetup.com/data-science-ODSC-Birmingham/,14-08-2018,74,5,public,08-06-2021
165,ODSC Lviv Data Science,L'viv,Ukraine,Europe,270,https://www.meetup.com/Data-Science-ODSC-Lviv/,13-08-2018,72,3,public,08-06-2021
169,Newcastle Upon Tyne Data Science Meetup,Newcastle Upon Tyne,United Kingdom,Europe,948,https://www.meetup.com/Newcastle-Upon-Tyne-Data-Science-Meetup/,08-05-2017,18,0,public,16-03-2021
170,Data Science Talks,São Paulo,Brazil,Latin America,1309,https://www.meetup.com/Data-Science-Talks/,19-04-2019,4,0,public,01-05-2020
174,New Haven Data Science,New Haven,USA,US/Canada,532,https://www.meetup.com/New-Haven-Data-Science-Meetup/,15-03-2015,12,0,public,04-06-2018
176,Winnipeg Data Science - Projects - Machine Learning with SQL,Winnipeg,Canada,US/Canada,110,https://www.meetup.com/Winnipeg-Data-Science-Projects/,05-11-2018,12,0,public,17-03-2019
182,ODSC Delhi Data Science,Delhi,India,Asia,2977,https://www.meetup.com/Delhi-Data-Science-ODSC/,23-05-2019,53,2,public,10-06-2021
183,ODSC Lisbon Data Science,Lisbon,Portugal,Europe,400,https://www.meetup.com/Lisbon-Data-Science-ODSC/,24-07-2019,59,3,public,08-06-2021
184,ODSC Cambridge Data Science,Cambridge,United Kingdom,Europe,422,https://www.meetup.com/data-science-odsc-cambridge/,14-08-2018,73,5,public,08-06-2021
185,Data Science Festival - Lagos,Lagos,Nigeria,Africa,410,https://www.meetup.com/Data-Science-Festival-Lagos/,22-06-2020,55,1,public,10-06-2021
186,ODSC Milano Data Science,Milano,Italy,Europe,1828,https://www.meetup.com/Milano-Data-Science-ODSC/,03-08-2018,95,3,public,08-06-2021
187,ODSC Edinburgh Data Science,Edinburgh,United Kingdom,Europe,571,https://www.meetup.com/Edinburgh-ODSC-Data-Science/,10-08-2018,71,5,public,08-06-2021
188,ODSC Madrid Data Science,Madrid,Spain,Europe,947,https://www.meetup.com/Madrid-Data-Science-ODSC/,02-08-2018,79,3,public,08-06-2021
189,ODSC Amsterdam Data Science,Amsterdam,Netherlands,Europe,858,https://www.meetup.com/Amsterdam-Data-Science-ODSC/,02-08-2018,77,3,public,08-06-2021
190,ODSC Copenhagen Data Science,Copenhagen,Denmark,Europe,674,https://www.meetup.com/Copenhagen-Data-Sciece-ODSC/,02-08-2018,70,3,public,08-06-2021
192,ODSC Sao Paulo Data Science,São Paulo,Brazil,Latin America,2264,https://www.meetup.com/Sao-Paulo-Data-Science-ODSC/,14-12-2018,86,1,public,02-06-2021
193,ODSC Berlin Data Science,Berlin,Germany,Europe,697,https://www.meetup.com/Berlin-Data-Science-ODSC/,02-08-2018,75,3,public,08-06-2021
194,ODSC Kyiv Data Science,Kyiv,Ukraine,Europe,616,https://www.meetup.com/Data-Science-Kyiv-ODSC/,13-08-2018,66,3,public,08-06-2021
195,Data Science Festival - Leeds,Leeds,United Kingdom,Europe,289,https://www.meetup.com/Data-Science-Festival-Leeds/,16-10-2019,64,1,public,10-06-2021
196,ODSC Los Angeles Data Science,Los Angeles,USA,US/Canada,740,https://www.meetup.com/Data-Science-ODSC-Los-Angeles/,06-09-2018,94,1,public,02-06-2021
197,AfterWork Data Science Lagos,Lagos,Nigeria,Africa,468,https://www.meetup.com/AfterWork-Data-Science-Lagos/,27-05-2020,16,1,public,10-06-2021
198,ODSC Glasgow Data Science,Glasgow,United Kingdom,Europe,536,https://www.meetup.com/ODSC-Glasgow-Data-Science/,10-08-2018,75,5,public,08-06-2021
199,ODSC Chicago Data Science,Chicago,USA,US/Canada,723,https://www.meetup.com/ODSC-Chicago-Data-Science/,21-12-2018,96,1,public,02-06-2021
200,ODSC Singapore Data Science,Singapore,Singapore,Asia,739,https://www.meetup.com/Singapore-Data-Science-ODSC/,04-02-2019,22,1,public,19-12-2020
201,Bamako Data Science,Bamako,Mali,Africa,297,https://www.meetup.com/Bamako-Data-Science/,02-07-2018,20,0,public,05-02-2021
208,Data Science Study Group: South Florida,Miami,USA,US/Canada,1573,https://www.meetup.com/Data-Science-Study-Group-South-Florida/,06-07-2017,65,0,public,07-10-2020
216,Data Science Festival - Dublin,Dublin,Ireland,Europe,2168,https://www.meetup.com/Data-Science-Festival-Dublin/,10-05-2018,74,1,public,10-06-2021
217,ODSC Data Science Bengaluru,Bangalore,India,Asia,3404,https://www.meetup.com/ODSC-Data-Science-Bengaluru/,25-08-2017,18,2,public,01-02-2020
218,Data Science Nairobi,Nairobi,Kenya,Africa,1822,https://www.meetup.com/Data-Science-Nairobi/,24-01-2016,7,0,public,22-04-2017
225,Data Science Dojo – Seattle,Redmond,USA,US/Canada,3460,https://www.meetup.com/data-science-dojo/,09-11-2013,67,2,public,12-05-2021
234,Data Science Johannesburg,Johannesburg,South Africa,Africa,1855,https://www.meetup.com/Data-Science-Johannesburg/,26-04-2012,34,1,public,02-03-2021
238,London Data Science Workshop,London,United Kingdom,Europe,5086,https://www.meetup.com/London-Data-Science-Workshop/,07-06-2015,81,0,public,03-03-2020
239,Data Science & Machine Learning Wroclaw,Wroclaw,Poland,Europe,1833,https://www.meetup.com/Data-Science-Wroclaw/,16-03-2015,23,0,public,25-04-2019
252,Honolulu Data Science Group,Honolulu,USA,US/Canada,141,https://www.meetup.com/Honolulu-Data-Science-Group/,30-01-2015,39,0,public_limited,24-04-2019
262,Open Data New York ODSC,New York,USA,US/Canada,2868,https://www.meetup.com/open-data-nyc-odsc/,06-02-2008,206,1,public,02-06-2021
281,Charleston Data Science,Charleston,USA,US/Canada,829,https://www.meetup.com/Charleston-Data-Science/,05-10-2014,32,0,public,10-02-2021
285,Big Data Gods,Sunnyvale,USA,US/Canada,1114,https://www.meetup.com/Big-Data-Gods/,08-04-2013,43,0,public,04-06-2021
287,Open Data Science (Hosted by ODSC),Cambridge,USA,US/Canada,5120,https://www.meetup.com/open-data-odsc/,20-03-2013,235,1,public,02-06-2021
289,Santa Barbara Data Science,Santa Barbara,USA,US/Canada,310,https://www.meetup.com/Santa-Barbara-Data-Science/,23-05-2012,12,0,public,17-04-2019
290,Portland Data Science Group,Portland,USA,US/Canada,3686,https://www.meetup.com/Portland-Data-Science-Group/,10-11-2013,298,1,public,23-02-2020
291,Data Science - Abu Dhabi,Abu Dhabi,U.A.E.,Asia,260,https://www.meetup.com/Data-Science-Abu-Dhabi/,24-11-2016,0,0,public,01-01-1970
296,PyData Cairo,Cairo,Egypt,Africa,2398,https://www.meetup.com/PyData-Cairo/,27-02-2018,5,0,public,02-05-2019
297,PyData Skopje,Skopje,Macedonia,Europe,115,https://www.meetup.com/PyData-Skopje/,19-10-2019,5,0,public,19-03-2020
301,Kaggle Days Meetup Cologne,Köln,Germany,Europe,284,https://www.meetup.com/Kaggle-Days-Meetup-Cologne/,30-04-2019,4,0,public,23-10-2019
302,PyData Brasília,Brasília,Brazil,Latin America,2653,https://www.meetup.com/PyData-Brasilia/,03-11-2017,23,0,public,05-11-2019
303,PyData Jalandhar,Jalandhar,India,Asia,496,https://www.meetup.com/PyData-Jalandhar/,30-10-2018,4,0,public,27-04-2019
304,PyData Lima,Lima,Peru,Latin America,343,https://www.meetup.com/PyData-Lima/,25-09-2018,12,0,public,30-10-2019
305,PyData Austin,Austin,USA,US/Canada,1211,https://www.meetup.com/PyData-Austin/,22-02-2017,15,0,public,23-10-2018
307,PyData Spokane,Spokane,USA,US/Canada,190,https://www.meetup.com/PyData-Spokane/,27-02-2018,15,0,public,20-03-2020
311,PyData Vilnius,Vilnius,Lithuania,Europe,127,https://www.meetup.com/PyData-Vilnius/,03-06-2019,1,0,public,29-02-2020
312,PyData Indy,Indianapolis,USA,US/Canada,204,https://www.meetup.com/PyData-Indianapolis/,25-01-2016,6,0,public,05-11-2016
317,Lagos R User Group,Lagos,Nigeria,Africa,755,https://www.meetup.com/LagosRUsers/,10-03-2019,10,0,public,28-11-2020
320,PyData Wroclaw,Wroclaw,Poland,Europe,694,https://www.meetup.com/PyData-Wroclaw/,23-09-2016,18,0,public,20-02-2020
323,PyData Chicago,Chicago,USA,US/Canada,4562,https://www.meetup.com/PyDataChi/,04-01-2016,67,1,public,27-05-2021
324,Global R User Group,London,United Kingdom,Europe,75,https://www.meetup.com/globalr/,16-11-2020,49,2,public,11-06-2021
326,PyData Mallorca,Palma,Spain,Europe,978,https://www.meetup.com/PyData-Mallorca/,12-09-2016,23,0,public,22-01-2020
327,BelgradeR,Belgrade,Serbia,Europe,811,https://www.meetup.com/BelgradeR/,18-05-2016,13,0,public,11-01-2021
330,Warwick R User Group (R Programming Language),Coventry,United Kingdom,Europe,394,https://www.meetup.com/Warwick-useRs/,08-07-2017,17,0,public,11-01-2021
332,"Data, Cloud and AI in Montreal",Montréal,Canada,US/Canada,3534,https://www.meetup.com/Big-Data-Developers-in-Montreal/,27-01-2015,28,0,public,01-08-2020
334,PyData Bogotá,Bogotá,Colombia,Latin America,628,https://www.meetup.com/PyData-Bogota/,05-02-2016,5,0,public,11-11-2020
337,Barcelona R User Group,Barcelona,Spain,Europe,1173,https://www.meetup.com/BarcelonaR/,01-10-2013,72,2,public,10-06-2021
338,R-Ladies Bari,Bari,Italy,Europe,162,https://www.meetup.com/rladies-bari/,17-05-2018,21,0,public,08-06-2021
339,R-Ladies Miami,Miami,USA,US/Canada,1173,https://www.meetup.com/rladies-miami/,03-06-2017,33,0,public,20-05-2021
341,"Data, Cloud and AI in Tokyo",Tokyo,Japan,Asia,1669,https://www.meetup.com/Big-Data-Developers-in-Tokyo/,22-10-2014,59,0,public,21-05-2021
343,"Data, Cloud and AI in Zagreb",Zagreb,Croatia,Europe,708,https://www.meetup.com/Big-Data-Developers-in-Zagreb/,11-12-2014,23,0,public,31-07-2020
344,Data Visualization in Munich Meetup,München,Germany,Europe,2867,https://www.meetup.com/Data-Visualization-Meetup-Munich/,09-04-2016,17,0,public,23-03-2021
347,LondonR,London,United Kingdom,Europe,3390,https://www.meetup.com/LondonR/,05-02-2010,84,0,public,26-05-2021
348,Data Scientist,London,United Kingdom,Europe,735,https://www.meetup.com/Data-Scientist/,14-07-2015,3,0,public,08-10-2016
349,eRka / Cracow R Users Group,Kraków,Poland,Europe,827,https://www.meetup.com/erkakrakow/,19-10-2014,28,0,public,24-09-2020
351,Inteligencia Artificial Argentina,Buenos Aires,Argentina,Latin America,1570,https://www.meetup.com/InteligenciaArtificialArgentina/,22-02-2016,38,0,public,12-12-2019
355,"Data, Cloud and AI in Ottawa",Ottawa,Canada,US/Canada,1748,https://www.meetup.com/Big-Data-Developers-in-Ottawa/,28-11-2014,34,0,public,01-08-2020
356,Mississauga Big Data Analytics Meetup,Mississauga,Canada,US/Canada,625,https://www.meetup.com/Mississauga-Big-Data-Analytics-Meetup/,12-02-2014,31,0,public,13-12-2019
357,Upstate Data Analytics,Spartanburg,USA,US/Canada,209,https://www.meetup.com/Upstate-Data-Analytics/,01-10-2014,8,0,public,20-03-2018
359,"Data, Cloud and AI in Tucson",Tucson,USA,US/Canada,376,https://www.meetup.com/Big-Data-Developers-in-Tucson/,27-01-2015,26,0,public,01-08-2020
364,NYC Data Wranglers,New York,USA,US/Canada,2973,https://www.meetup.com/NYC-Data-Wranglers/,03-01-2014,49,0,public,18-04-2017
373,"Open Source Programming, Analytics, Automation, and More!",New York,USA,US/Canada,1121,https://www.meetup.com/Open-Source-Programming-Analytics-Automation-and-More/,16-10-2018,7,0,public,19-08-2020
375,Istanbul KNIME Users,Istanbul,Turkey,Europe,773,https://www.meetup.com/Istanbul-KNIME-Users/,17-03-2014,37,1,public,01-06-2021
376,Berlin KNIME Users,Berlin,Germany,Europe,494,https://www.meetup.com/Berlin-KNIME-Users/,04-10-2013,47,1,public,01-06-2021
377,EswatiniUseR Group,Manzini,Swaziland,Africa,66,https://www.meetup.com/EswatiniUseR/,11-08-2019,3,0,public,23-07-2020
379,Barranquilla Analítica R,Barranquilla,Colombia,Latin America,402,https://www.meetup.com/Barranquilla-Analitica-R/,26-05-2018,7,0,public,28-06-2019
380,R-Ladies Bariloche,San Carlos de Bariloche,Argentina,Latin America,284,https://www.meetup.com/rladies-bariloche/,10-05-2018,13,0,public,26-10-2020
381,CalgaryR,Calgary,Canada,US/Canada,1203,https://www.meetup.com/calgaryr/,14-04-2015,40,0,public,22-04-2021
382,New York Open Statistical Programming Meetup,New York,USA,US/Canada,12284,https://www.meetup.com/nyhackr/,12-03-2009,132,1,public,17-05-2021
383,Statistical Programming DC,Washington,USA,US/Canada,6312,https://www.meetup.com/stats-prog-dc/,10-08-2009,80,1,public,29-04-2020
385,Birmingham R User Group (R Programming Language),Birmingham,United Kingdom,Europe,746,https://www.meetup.com/BirminghamR/,05-12-2011,32,1,public,26-05-2021
386,R-Ladies La Paz,La Paz,Bolivia,Latin America,304,https://www.meetup.com/rladies-la-paz/,23-10-2018,31,1,public,08-05-2021
389,rMoscow,Moscow,Russia,Europe,611,https://www.meetup.com/rMoscow/,16-06-2014,7,0,public,16-01-2020
390,R-Ladies Buenos Aires,Buenos Aires,Argentina,Latin America,1332,https://www.meetup.com/rladies-buenos-aires/,03-01-2017,32,0,public,04-05-2021
391,R-Ladies Santa Fe,Santa Fe,Argentina,Latin America,214,https://www.meetup.com/rladies-santa-fe/,08-05-2018,14,0,public,24-07-2020
393,Vienna<-R,Vienna,Austria,Europe,753,https://www.meetup.com/ViennaR/,29-10-2011,83,2,public,10-06-2021
394,R-Ladies Chicago,Chicago,USA,US/Canada,1299,https://www.meetup.com/rladies-chicago/,05-07-2017,43,1,public,23-04-2021
395,Manchester R user Group,Manchester,United Kingdom,Europe,1019,https://www.meetup.com/Manchester-R/,07-01-2013,29,0,public,12-02-2020
396,sonRaí,Galway,Ireland,Europe,136,https://www.meetup.com/sonRai/,16-02-2018,5,0,public,14-11-2019
397,Trojmiasto Spark Meetup,Gdansk,Poland,Europe,186,https://www.meetup.com/Trojmiasto-Spark-Meetup/,27-11-2017,3,0,public,25-02-2021
399,Stockholm R useR group (SRUG),Stockholm,Sweden,Europe,1185,https://www.meetup.com/StockholmR/,23-07-2012,34,0,public,14-01-2021
400,R-Ladies Resistencia-Corrientes,Corrientes,Argentina,Latin America,145,https://www.meetup.com/rladies-resistencia-corrientes/,08-06-2018,11,0,public_limited,07-12-2020
401,The Virtual Business Intelligence and Analytics User Group,Smithfield,USA,US/Canada,583,https://www.meetup.com/The-RI-Microsoft-BIUG/,03-05-2012,151,0,public,24-03-2021
402,Greater Nashville Healthcare Analytics,Nashville,USA,US/Canada,1663,https://www.meetup.com/Greater-Nashville-Healthcare-Analytics/,17-12-2015,44,0,public,17-11-2020
403,Eugene R Users,Eugene,USA,US/Canada,122,https://www.meetup.com/meetup-group-cwPiAlnB/,13-12-2017,12,0,public,23-01-2020
404,R-Ladies Adelaide,Adelaide,Australia,Australia,317,https://www.meetup.com/rladies-adelaide/,02-02-2017,9,0,public,02-10-2019
405,Campus useR Group Frankfurt,Frankfurt,Germany,Europe,229,https://www.meetup.com/r-frankfurt/,24-01-2019,26,0,public,02-06-2021
406,Uppsala.R,Uppsala,Sweden,Europe,69,https://www.meetup.com/Uppsala-R/,11-01-2020,10,0,public,15-04-2021
407,Buffalo R,Buffalo,USA,US/Canada,75,https://www.meetup.com/Buffalo-R/,27-06-2019,4,0,public,01-04-2020
408,Stamford BIT: Business Intelligence and Technologies Meetup,Stamford,USA,US/Canada,376,https://www.meetup.com/Stamford-BIT-Business-Intelligence-Technologies/,03-01-2019,8,0,public,23-09-2020
410,R-Ladies Vancouver,Vancouver,Canada,US/Canada,598,https://www.meetup.com/rladies-vancouver/,06-10-2017,32,1,public,13-05-2021
415,PyData Guatemala,Guatemala,Guatemala,Latin America,272,https://www.meetup.com/PyData-Guatemala/,13-03-2018,1,0,public,21-04-2018
417,R-Ladies L'viv,L'viv,Ukraine,Europe,40,https://www.meetup.com/rladies-lviv/,31-08-2019,4,0,public,18-10-2019
418,R-Ladies Santiago,Santiago,Chile,Latin America,2409,https://www.meetup.com/rladies-scl/,18-07-2017,49,0,public,03-06-2021
419,R-Ladies Boulder,Boulder,USA,US/Canada,191,https://www.meetup.com/rladies-boulder/,11-06-2018,13,0,public,09-06-2021
420,R-Ladies Montpellier,Montpellier,France,Europe,149,https://www.meetup.com/rladies-montpellier/,17-10-2018,9,0,public,27-04-2021
421,R-Ladies Novi Sad,Novi Sad,Serbia,Europe,140,https://www.meetup.com/rladies-novi-sad/,24-05-2019,6,0,public,21-12-2019
422,UseRS,Porto Alegre,Brazil,Latin America,679,https://www.meetup.com/UseRS_/,22-12-2015,12,0,public,13-11-2019
424,R-Ladies Philly,Philadelphia,USA,US/Canada,1506,https://www.meetup.com/rladies-philly/,11-10-2017,60,3,public,03-06-2021
425,R-Ladies Montevideo,Montevideo,Uruguay,Latin America,459,https://www.meetup.com/rladies-montevideo/,02-06-2017,15,0,public,20-05-2021
426,R-Ladies Brisbane,Brisbane,Australia,Australia,571,https://www.meetup.com/rladies-brisbane/,10-05-2018,20,1,public,11-05-2021
427,R-Ladies Goiânia,Goiania,Brazil,Latin America,389,https://www.meetup.com/rladies-goiania/,06-05-2019,23,0,public,29-05-2021
428,R-Ladies Sydney,Sydney,Australia,Australia,828,https://www.meetup.com/rladies-sydney/,09-05-2018,42,1,public,11-05-2021
429,R-Ladies Columbus,Columbus,USA,US/Canada,915,https://www.meetup.com/rladies-columbus/,04-10-2016,47,0,public,10-06-2021
430,R-Ladies Tucson AZ,Tucson,USA,US/Canada,368,https://www.meetup.com/rladies-tucson-az/,14-11-2017,62,0,public,09-06-2021
431,UMUR: Usuarios Murcia R,Murcia,Spain,Europe,21,https://www.meetup.com/UMUR-Usuarios-Murcia-R/,01-04-2020,1,0,public,21-04-2020
433,BaselR,Basel,Switzerland,Europe,496,https://www.meetup.com/BaselR/,13-04-2010,25,0,public_limited,14-03-2020
434,R Addicts Paris,Paris,France,Europe,1783,https://www.meetup.com/rparis/,21-03-2013,28,0,public,14-10-2020
435,R-Ladies Budapest,Budapest,Hungary,Europe,862,https://www.meetup.com/rladies-budapest/,24-01-2017,33,0,public,29-01-2020
436,trigeR - Trójmiejska Grupa Entuzjastów R,Gdansk,Poland,Europe,342,https://www.meetup.com/Trojmiejska-Grupa-Entuzjastow-R/,14-12-2016,19,0,public,24-09-2020
437,R-Ladies Copenhagen,Copenhagen,Denmark,Europe,458,https://www.meetup.com/rladies-copenhagen/,20-11-2017,10,0,public,05-12-2019
439,R-Ladies Niterói,Niterói,Brazil,Latin America,753,https://www.meetup.com/rladies-niteroi/,04-06-2018,9,0,public,06-10-2020
440,São Paulo R Users Group,São Paulo,Brazil,Latin America,1991,https://www.meetup.com/useR-SP/,30-05-2015,24,0,public_limited,23-12-2016
441,R-Ladies Porto Alegre,Porto Alegre,Brazil,Latin America,360,https://www.meetup.com/rladies-porto-alegre/,30-10-2017,7,0,public,30-07-2020
442,GURU::mvd,Montevideo,Uruguay,Latin America,349,https://www.meetup.com/GURU-mvd/,04-10-2018,5,0,public,29-01-2020
443,NYC Julia User Group,New York,USA,US/Canada,732,https://www.meetup.com/julia-nyc/,08-08-2013,14,0,public,17-04-2020
444,R-Ladies Santa Rosa,Santa Rosa,Argentina,Latin America,141,https://www.meetup.com/rladies-santa-rosa/,06-04-2017,18,0,public,28-04-2021
445,R-Ladies Cusco,Cusco,Peru,Latin America,25,https://www.meetup.com/rladies-cusco/,09-05-2020,2,0,public,16-12-2020
447,R-Ladies Charlottesville,Charlottesville,USA,US/Canada,419,https://www.meetup.com/rladies-charlottesville/,21-09-2017,18,0,public,16-06-2020
448,R-Ladies Toronto,Toronto,Canada,US/Canada,630,https://www.meetup.com/rladies-toronto/,18-09-2018,6,0,public,12-08-2020
449,Grupo de Usuarios de R en Chile,Santiago,Chile,Latin America,1941,https://www.meetup.com/useRchile/,22-01-2013,44,0,public,29-09-2020
450,R-Ladies Twin Cities,Minneapolis,USA,US/Canada,417,https://www.meetup.com/rladies-tc/,01-04-2015,46,0,public,14-04-2021
451,Chiang Mai R Users Group,Chiang Mai,Thailand,Asia,81,https://www.meetup.com/ChiangMaiR/,14-04-2015,0,0,public,01-01-1970
452,R-Ladies Xalapa,Xalapa,Mexico,Latin America,464,https://www.meetup.com/rladies-xalapa/,30-07-2018,23,0,public_limited,05-05-2021
455,R-Ladies Christchurch,Christchurch,New Zealand,Australia,90,https://www.meetup.com/rladies-christchurch/,04-05-2019,7,0,public,12-11-2019
456,R-Ladies Auckland,Auckland,New Zealand,Australia,753,https://www.meetup.com/rladies-auckland/,20-11-2017,28,0,public,08-04-2021
458,R-Ladies Melbourne,Melbourne,Australia,Australia,1814,https://www.meetup.com/rladies-melbourne/,02-09-2016,65,1,public,19-05-2021
459,R-Ladies Vienna,Vienna,Austria,Europe,282,https://www.meetup.com/rladies-vienna/,17-09-2018,16,0,public,27-05-2021
460,R-Ladies Irvine,Irvine,USA,US/Canada,480,https://www.meetup.com/rladies-irvine/,13-03-2018,22,0,public,26-05-2021
461,R-Ladies Bucharest,Bucharest,Romania,Europe,274,https://www.meetup.com/rladies-bucharest/,09-05-2019,19,1,public,25-05-2021
462,R-Ladies Edinburgh,Edinburgh,United Kingdom,Europe,661,https://www.meetup.com/rladies-edinburgh/,27-07-2018,18,0,public,12-05-2021
463,R-Ladies Belgrade,Belgrade,Serbia,Europe,461,https://www.meetup.com/rladies-belgrade/,15-09-2017,25,0,public,26-05-2021
464,R@Minho,Braga,Portugal,Europe,46,https://www.meetup.com/R-Minho/,06-10-2015,0,0,public,01-01-1970
465,R-Ladies Lyon,Lyon,France,Europe,80,https://www.meetup.com/rladies-lyon/,29-10-2018,4,0,public,04-11-2019
466,R-Ladies London,London,United Kingdom,Europe,1536,https://www.meetup.com/rladies-london/,31-01-2016,55,0,public,25-06-2020
467,R-Ladies Rotterdam,Rotterdam,Netherlands,Europe,507,https://www.meetup.com/rladies-rotterdam/,05-12-2017,16,0,public,22-12-2020
468,R-Ladies Utrecht,Utrecht,Netherlands,Europe,202,https://www.meetup.com/rladies-utrecht/,10-06-2019,6,0,public,11-03-2021
469,R-Ladies Cambridge,Cambridge,United Kingdom,Europe,290,https://www.meetup.com/rladies-cambridge/,10-11-2017,2,0,public,04-08-2020
470,R-Ladies Kyiv,Kyiv,Ukraine,Europe,303,https://www.meetup.com/rladies-kyiv/,15-02-2019,15,0,public,06-02-2020
471,R-Ladies Stockholm,Stockholm,Sweden,Europe,390,https://www.meetup.com/rladies-stockholm/,16-08-2018,7,0,public,26-11-2019
473,R-Ladies Chennai,Chennai,India,Asia,372,https://www.meetup.com/rladies-chennai/,15-10-2017,7,0,public,01-05-2021
476,R-Ladies Highland Park,Highland Park,USA,US/Canada,68,https://www.meetup.com/rladies-highland-park/,09-05-2019,4,0,public,02-12-2019
477,R-Ladies Ottawa,Ottawa,Canada,US/Canada,225,https://www.meetup.com/rladies-ottawa/,05-12-2018,6,0,public,27-10-2020
479,R-Ladies Kathmandu,Kathmandu,Nepal,Asia,80,https://www.meetup.com/rladies-kathmandu/,01-10-2018,4,0,public,28-03-2020
480,R-Ladies Orlando,Orlando,USA,US/Canada,322,https://www.meetup.com/rladies-orlando/,05-06-2017,17,0,public,29-05-2019
481,R-Ladies Iowa City,Iowa City,USA,US/Canada,109,https://www.meetup.com/rladies-iowa-city/,18-09-2018,5,0,public,17-10-2019
482,R-Ladies Des Moines,Des Moines,USA,US/Canada,28,https://www.meetup.com/rladies-des-moines/,23-09-2018,4,0,public,20-05-2019
483,R-Ladies Houston,Houston,USA,US/Canada,97,https://www.meetup.com/rladies-houston/,07-12-2018,0,0,public,01-01-1970
484,R-Ladies Riverside,Riverside,USA,US/Canada,377,https://www.meetup.com/rladies-riverside/,02-08-2019,9,0,public,13-04-2021
485,R-Ladies Perth,Perth,Australia,Australia,257,https://www.meetup.com/rladies-perth/,23-10-2018,10,0,public,17-12-2019
486,R-Ladies San Francisco,San Francisco,USA,US/Canada,1685,https://www.meetup.com/rladies-san-francisco/,01-10-2012,61,0,public,01-05-2021
487,R-Ladies Remote,San Francisco,USA,US/Canada,353,https://www.meetup.com/rladies-remote/,19-06-2018,9,0,public,17-12-2019
488,"R, ML and AI in Sydney",Sydney,Australia,Australia,196,https://www.meetup.com/R-ML-and-AI-in-Sydney/,12-01-2019,0,0,public,01-01-1970
489,R-Ladies Freiburg,Freiburg,Germany,Europe,561,https://www.meetup.com/rladies-freiburg/,23-01-2019,41,2,public,08-06-2021
490,R Lille,Lille,France,Europe,307,https://www.meetup.com/R-Lille/,05-02-2020,15,2,public,20-05-2021
491,AthensR,Athens,Greece,Europe,225,https://www.meetup.com/AthensR/,16-04-2015,20,2,public,20-05-2021
492,R-Ladies Montreal,Montréal,Canada,US/Canada,528,https://www.meetup.com/rladies-montreal/,14-09-2017,34,2,public,20-05-2021
494,R-Ladies Brussels,Brussels,Belgium,Europe,234,https://www.meetup.com/rladies-brussels/,15-08-2017,10,0,public,30-03-2019
495,R-Ladies Nijmegen,Nijmegen,Netherlands,Europe,346,https://www.meetup.com/rladies-nijmegen/,05-05-2018,12,0,public,18-08-2020
496,R Glasgow,Glasgow,United Kingdom,Europe,266,https://www.meetup.com/RGlasgow/,24-04-2019,6,0,public,11-01-2021
497,R-Ladies Oslo,Oslo,Norway,Europe,546,https://www.meetup.com/rladies-oslo/,26-02-2018,12,0,public,24-09-2020
498,R-Ladies Pune,Pune,India,Asia,165,https://www.meetup.com/rladies-pune/,29-09-2019,8,0,public,09-05-2021
499,"Bots,AR,PWeb-Mobile,ServerlessCC & BChain  Codeseeker's",Bangalore,India,Asia,796,https://www.meetup.com/Bots-AR-PWeb-Mobile-ServerlessCC-BChain-Codeseekers/,15-12-2016,35,0,public,02-01-2021
500,R-Ladies Kansas City,Kansas City,USA,US/Canada,65,https://www.meetup.com/rladies-kansas-city/,19-07-2019,4,0,public,14-02-2020
501,R-Ladies Valparaíso,Valparaíso,Chile,Latin America,403,https://www.meetup.com/rladies-valparaiso/,18-05-2018,27,0,public,03-06-2021
507,ODSC Hyderabad Data Science,Hyderabad,India,Asia,1219,https://www.meetup.com/ODSC-Hyderabad-Data-Science/,19-08-2019,41,2,public,10-06-2021
510,ODSC Pune Data Science,Pune,India,Asia,484,https://www.meetup.com/ODSC-Pune-Data-Science/,14-02-2020,35,2,public,10-06-2021
513,ODSC Tel Aviv Data Science,Tel Aviv-Yafo,Israel,Asia,607,https://www.meetup.com/Tel-Aviv-Data-Science-ODSC/,02-08-2019,47,3,public,08-06-2021
514,ODSC Kolkata Data Science,Kolkata,India,Asia,1253,https://www.meetup.com/ODSC-Kolkata-Data-Science/,19-08-2019,43,2,public,10-06-2021
516,ODSC Toronto Data Science,Toronto,Canada,US/Canada,625,https://www.meetup.com/ODSC-Toronto-Data-Science/,22-11-2019,65,1,public,02-06-2021
517,ODSC Lagos Data Science,Lagos,Nigeria,Africa,1250,https://www.meetup.com/ODSC-Data-Science-Lagos/,20-09-2019,54,3,public,08-06-2021
518,ODSC Dallas Data Science,Dallas,USA,US/Canada,368,https://www.meetup.com/ODSC-Dallas-Data-Science/,22-11-2019,62,1,public,02-06-2021
519,Ouagadougou Data Science Meetup Group,Ouagadougou,Burkina Faso,Africa,104,https://www.meetup.com/ouagadougou-data-science/,06-02-2021,5,0,public,01-06-2021
520,ODSC Montréal Data Science,Montréal,Canada,US/Canada,315,https://www.meetup.com/ODSC-Montreal-Data-Science/,28-11-2019,62,1,public,02-06-2021
521,ODSC Houston Data Science,Houston,USA,US/Canada,249,https://www.meetup.com/ODSC-Houston-Data-Science/,28-11-2019,65,1,public,02-06-2021
522,ODSC Hong Kong Data Science,Hong Kong,Hong Kong,Asia,196,https://www.meetup.com/ODSC-Hong-Kong-Data-Science/,19-08-2019,14,1,public,19-12-2020
527,Data Science Philippines - Cebu Chapter,Cebu,Philippines,Asia,180,https://www.meetup.com/Data-Science-Philippines-Cebu-Chapter/,03-02-2018,0,0,public,01-01-1970
528,Data Science Festival - Melbourne,Melbourne,Australia,Australia,387,https://www.meetup.com/Data-Science-Festival-Melbourne/,22-06-2020,37,0,public,18-12-2020
537,Data Science Strasbourg,Strasbourg,France,Europe,829,https://www.meetup.com/data-science-strasbourg/,03-07-2014,27,0,public,04-11-2020
540,PR Data Science Community,San Juan,Puerto Rico,Latin America,349,https://www.meetup.com/prdatascience/,08-04-2017,3,0,public,24-08-2017
550,Data Science with R Meetup Group Bucharest,Bucharest,Romania,Europe,78,https://www.meetup.com/meetup-group-vtQvWral/,02-08-2019,1,0,public,05-11-2019
553,Data Science Mumbai,Mumbai,India,Asia,1192,https://www.meetup.com/ik2analytics/,23-10-2018,46,0,public,15-05-2021
565,PGH Data Science,Pittsburgh,USA,US/Canada,1923,https://www.meetup.com/PGH-Data-Science/,02-02-2017,25,0,public,16-11-2020
567,"NJ Data Science - Spark, TensorFlow",Princeton,USA,US/Canada,856,https://www.meetup.com/nj-datascience/,12-04-2014,25,1,public,14-05-2019
570,PyData Kaduna,Kaduna,Nigeria,Africa,240,https://www.meetup.com/PyData-Kaduna/,01-03-2019,2,0,public,22-12-2019
580,PyData Mysore,Mysore,India,Asia,448,https://www.meetup.com/PyData-Mysore/,12-11-2018,2,0,public,13-08-2019
581,Long Island Data Analytics Meetups,Old Westbury,USA,US/Canada,338,https://www.meetup.com/Long-Island-Data-Analytics-Meetup-Group/,20-06-2019,11,0,public,05-05-2021
582,Port City Analytics,Wilmington,USA,US/Canada,117,https://www.meetup.com/PortCityAnalytics/,07-02-2018,6,0,public,12-12-2019
590,R-Ladies Abuja,Abuja,Nigeria,Africa,311,https://www.meetup.com/rladies-abuja/,04-02-2020,5,1,public,15-05-2021
592,PyData Boston - Cambridge,Boston,USA,US/Canada,2199,https://www.meetup.com/PyData-Boston-Cambridge/,20-10-2014,29,0,public,27-05-2021
595,GothenburgR – R User Group,Göteborg,Sweden,Europe,7,https://www.meetup.com/gothenburgr/,22-05-2021,0,0,public,01-01-1970
597,R-Ladies East Lansing,East Lansing,USA,US/Canada,590,https://www.meetup.com/rladies-east-lansing/,09-12-2017,30,1,public,28-04-2021
598,Hyderabad Machine Learning Foundation Meetup,Hyderabad,India,Asia,1153,https://www.meetup.com/Hyderabad-Machine-Learning-Foundation-Meetup/,02-10-2018,27,0,public,07-06-2021
599,Data Visualization RTP,Raleigh,USA,US/Canada,319,https://www.meetup.com/Data-Visualization-RTP/,04-08-2019,10,3,public,21-04-2021
602,Arlington Statistical Computing Meetup,Arlington,USA,US/Canada,239,https://www.meetup.com/Arlington-Statistical-Computing-Meetup/,26-02-2017,3,0,public,05-07-2017
603,R-Ladies PDX,Portland,USA,US/Canada,249,https://www.meetup.com/rladies-pdx/,20-07-2017,14,0,public,06-08-2019
611,Bioinformatics London,London,United Kingdom,Europe,816,https://www.meetup.com/Bioinformatics-London/,05-09-2015,41,7,public,27-05-2021
612,New York City R/Bioconductor for Genomics,New York,USA,US/Canada,812,https://www.meetup.com/BiocNYC/,05-09-2017,16,0,public,28-05-2020
613,R-Ladies San Jose,San Jose,Costa Rica,Latin America,624,https://www.meetup.com/rladies-san-jose/,09-10-2017,23,0,public,08-10-2020
614,R-Ladies Lima,Lima,Peru,Latin America,1695,https://www.meetup.com/rladies-lima/,25-01-2018,15,0,public,29-05-2021
615,Tallinn R Users Group,Tallinn,Estonia,Europe,138,https://www.meetup.com/r-tallinn/,16-08-2019,2,1,public,16-01-2020
616,R-Ladies Madrid,Madrid,Spain,Europe,1771,https://www.meetup.com/rladies-madrid/,02-09-2016,44,1,public,11-05-2021
617,R-Ladies Barcelona,Barcelona,Spain,Europe,654,https://www.meetup.com/rladies-barcelona/,22-10-2016,22,0,public,25-05-2021
620,The East Bay R Language Enthusiasts Group,Oakland,USA,US/Canada,1729,https://www.meetup.com/r-enthusiasts/,28-01-2012,92,0,public,12-02-2020
621,R-Ladies Guayaquil,Guayaquil,Ecuador,Latin America,603,https://www.meetup.com/rladies-guayaquil/,05-04-2018,11,1,public,10-06-2021
628,R-Ladies Frankfurt,Frankfurt,Germany,Europe,114,https://www.meetup.com/rladies-frankfurt/,27-02-2019,9,0,public,20-02-2020
629,R-Ladies Amsterdam,Amsterdam,Netherlands,Europe,1080,https://www.meetup.com/rladies-amsterdam/,10-02-2018,28,1,public,24-03-2021
630,R-Ladies Baltimore,Baltimore,USA,US/Canada,889,https://www.meetup.com/rladies-baltimore/,26-02-2018,22,0,public,01-04-2021
631,R-Ladies Lausanne,Lausanne,Switzerland,Europe,318,https://www.meetup.com/rladies-lausanne/,02-12-2017,12,0,public,03-12-2019
632,R-Ladies Newcastle,Newcastle Upon Tyne,United Kingdom,Europe,265,https://www.meetup.com/rladies-newcastle/,27-02-2019,10,0,public,03-04-2020
634,R-Ladies San Diego,San Diego,USA,US/Canada,631,https://www.meetup.com/rladies-san-diego/,16-06-2017,35,0,public,10-02-2021
635,R-Ladies Johannesburg,Johannesburg,South Africa,Africa,829,https://www.meetup.com/rladies-johannesburg/,26-02-2018,30,1,public,30-03-2021
636,BernR,Bern,Switzerland,Europe,187,https://www.meetup.com/Bern-R/,08-11-2018,13,0,public,09-12-2019
637,R-Ladies Manchester,Manchester,United Kingdom,Europe,481,https://www.meetup.com/rladies-manchester/,29-11-2016,20,0,public,07-04-2020
638,R-Ladies Lancaster,Lancaster,United Kingdom,Europe,131,https://www.meetup.com/rladies-lancaster/,12-09-2018,8,0,public,04-03-2020
639,CoderGirls Aarhus,Århus,Denmark,Europe,106,https://www.meetup.com/codergirls_aarhus/,03-06-2016,59,0,public,30-04-2021
641,R-Ladies Tampa,Tampa,USA,US/Canada,315,https://www.meetup.com/rladies-tampa/,11-03-2018,33,0,public,12-09-2020
642,R-Ladies Santa Barbara,Santa Barbara,USA,US/Canada,510,https://www.meetup.com/rladies-santa-barbara/,26-01-2018,17,1,public,27-05-2021
643,R-Ladies Bilbao,Bilbao,Spain,Europe,199,https://www.meetup.com/rladies-bilbao/,27-02-2019,4,0,public,14-01-2020
644,R-Ladies Cape Town,Cape Town,South Africa,Africa,719,https://www.meetup.com/rladies-cape-town/,06-03-2017,30,0,public,28-10-2020
645,Göttingen R User Group,Göttingen,Germany,Europe,47,https://www.meetup.com/Gottingen-Software-Development-Meetup/,05-02-2019,2,0,public,04-12-2019
646,Michiana R Users Group,Granger,USA,US/Canada,35,https://www.meetup.com/meetup-group-gLOzoDRd/,24-02-2020,3,0,public,20-11-2020
647,R-Ladies Ames,Ames,USA,US/Canada,241,https://www.meetup.com/rladies-ames/,25-11-2016,79,0,public,12-11-2020
648,R-Ladies El Paso,El Paso,USA,US/Canada,63,https://www.meetup.com/rladies-el-paso/,19-04-2019,4,0,public,12-03-2020
649,Komunitas R Indonesia,Jakarta,Indonesia,Asia,1186,https://www.meetup.com/r-indonesia/,28-04-2019,10,0,public,28-12-2020
650,R-Ladies Taipei,Taipei,Taiwan,Asia,1789,https://www.meetup.com/rladies-taipei/,23-10-2016,47,0,public,26-04-2021
651,R-Ladies Canberra,Canberra,Australia,Australia,212,https://www.meetup.com/rladies-canberra/,10-12-2018,14,0,public,02-03-2021
652,EdinbR: The Edinburgh R Usergroup,Edinburgh,United Kingdom,Europe,660,https://www.meetup.com/EdinbR/,16-09-2018,22,1,public,19-05-2021
653,R-Ladies Paris,Paris,France,Europe,601,https://www.meetup.com/rladies-paris/,19-09-2016,15,0,public,14-06-2019
654,R en Rosario,Rosario,Argentina,Latin America,577,https://www.meetup.com/R-en-Rosario/,03-10-2018,16,0,public,18-03-2021
656,R-Ladies Mendoza,Mendoza,Argentina,Latin America,297,https://www.meetup.com/rladies-mendoza/,26-02-2018,12,0,public_limited,07-12-2020
657,R-Ladies Nashville,Nashville,USA,US/Canada,509,https://www.meetup.com/rladies-nashville/,28-09-2016,18,0,public,09-03-2020
658,R-Ladies Pasadena,Pasadena,USA,US/Canada,96,https://www.meetup.com/rladies-pasadena/,25-04-2018,5,0,public,07-11-2019
659,R-Ladies Bergen,Bergen,Norway,Europe,294,https://www.meetup.com/rladies-bergen/,28-10-2019,15,1,public,31-05-2021
660,adminR: R in Swiss Official Statistics,Bern,Switzerland,Europe,314,https://www.meetup.com/adminR/,19-08-2018,4,0,public,18-03-2021
661,R for Quantitative Finance,Dublin,Ireland,Europe,72,https://www.meetup.com/R-for-Quantitative-Finance/,06-10-2019,0,0,public,01-01-1970
662,R-Ladies Istanbul,Istanbul,Turkey,Europe,1941,https://www.meetup.com/rladies-istanbul/,06-09-2016,36,0,public,08-03-2021
663,R-Ladies Recife,Recife,Brazil,Latin America,150,https://www.meetup.com/rladies-recife/,02-09-2019,1,0,public,12-09-2019
664,R en Buenos Aires,Buenos Aires,Argentina,Latin America,810,https://www.meetup.com/renbaires/,04-10-2018,15,0,public,04-06-2021
668,Digital Marketing + Data Science -Ateliers Q/R Gratuits Lyon,Lyon,France,Europe,592,https://www.meetup.com/Digital-Marketing-Data-Science-Ateliers-Q-R-Gratuits/,25-06-2018,18,0,public,28-05-2020
669,"Predictive Analytics and Data Science using Spark, R, Python",Los Angeles,USA,US/Canada,750,https://www.meetup.com/Predictive-Analytics-and-Data-Science-using-Spark-R-Python/,23-06-2016,46,0,public,21-03-2021
670,MünsteR (R Users Group),Münster,Germany,Europe,577,https://www.meetup.com/Munster-R-Users-Group/,16-05-2017,40,2,public_limited,26-05-2021
671,Hannover Data Science,Hannover,Germany,Europe,497,https://www.meetup.com/Hannover-R-User-Group/,19-10-2016,17,0,public,19-09-2018
672,Delhi R Data Analytics Meetup,Delhi,India,Asia,347,https://www.meetup.com/Delhi-R-Data-Analytics-Meetup/,15-08-2014,0,1,public,01-01-1970
673,Big Data & Predictive Analytics using R - Rio de Janeiro,Rio de Janeiro,Brazil,Latin America,808,https://www.meetup.com/Big-Data-Predictive-Analytics-using-R-Rio-de-Janeiro/,10-10-2014,18,0,public,07-08-2015
674,Bauchi R User Group (BauchiRUG),Bauchi,Nigeria,Africa,199,https://www.meetup.com/Bauchi-R-User-Group-BauchiRUG/,04-07-2018,6,0,public,05-06-2021
675,SkåneR UseR! Group,Malmö,Sweden,Europe,202,https://www.meetup.com/Skane-R-User-Group/,08-02-2020,7,0,public,29-04-2021
679,Algiers R User Group,Algiers,Algeria,Africa,87,https://www.meetup.com/algiers-r-user-group/,25-09-2020,1,0,public,06-04-2021
680,Stellenbosch R Users Group Meetup,Stellenbosch,South Africa,Africa,20,https://www.meetup.com/Stellenbosch-R-Users-Group-Meetup/,20-12-2018,0,0,public,01-01-1970
681,Bristol R User Group,Bristol,United Kingdom,Europe,478,https://www.meetup.com/Bristol-R-User-Group/,03-10-2018,8,0,public,29-06-2020
682,Use R! INMEGEN 2019,México City,Mexico,Latin America,234,https://www.meetup.com/Use-R-INMEGEN-2019/,04-10-2018,1,0,public,25-02-2019
685,Predictive Business Analytics with R - New Delhi,Delhi,India,Asia,1615,https://www.meetup.com/Predictive-Business-Analytics-with-R-New-Delhi/,31-08-2014,7,0,public,23-04-2016
686,Omaha R Users Group,Omaha,USA,US/Canada,216,https://www.meetup.com/Omaha-R-Users-Group/,05-03-2018,5,0,public,07-11-2019
687,R User Group Rhein-Neckar,Heidelberg,Germany,Europe,308,https://www.meetup.com/R-User-Group-Rhein-Neckar/,01-11-2011,48,1,public,08-06-2021
688,Hyderabad R Programming Meetup,Hyderabad,India,Asia,295,https://www.meetup.com/Hyderabad-R-Programming-Meetup/,11-09-2014,0,1,public,01-01-1970
689,MapR Users Meetup,Makati,Philippines,Asia,142,https://www.meetup.com/MapR-Users-Meetup/,18-03-2018,1,0,public,16-05-2018
690,Predictive Business Analytics using R,Buenos Aires,Argentina,Latin America,128,https://www.meetup.com/Predictive-Business-Analytics-using-R/,21-06-2015,2,0,public,10-07-2015
692,Salt Lake City R Language Study Group,Salt Lake City,USA,US/Canada,281,https://www.meetup.com/Salt-Lake-City-R-Language-Study-Group/,05-04-2018,34,0,public,12-07-2020
693,Wroclaw R user Group - WRUG,Wroclaw,Poland,Europe,38,https://www.meetup.com/Wroclaw-R-user-Group-WRUG/,14-04-2013,1,0,public,20-06-2013
694,R-Ladies Washington D.C.,Washington,USA,US/Canada,2218,https://www.meetup.com/rladies-dc/,07-12-2016,105,1,public,28-05-2021
695,Dublin R,Dublin,Ireland,Europe,2307,https://www.meetup.com/DublinR/,04-11-2011,206,2,public,29-04-2021
696,R Users Group Kenya (RUGK),Nairobi,Kenya,Africa,92,https://www.meetup.com/R-Users-Group-Kenya-RUGK/,29-08-2014,0,0,public,01-01-1970
697,Bogotá R Users Group,Bogotá,Colombia,Latin America,1605,https://www.meetup.com/Bogota-R-Users-Group/,18-09-2013,31,1,public,06-05-2021
698,MadR - Madison R Programming UseRs Group,Madison,USA,US/Canada,629,https://www.meetup.com/MadR-Madison-R-Programming-UseRs-Group/,10-01-2014,47,0,public,28-02-2020
699,R-Ladies Buffalo,Buffalo,USA,US/Canada,28,https://www.meetup.com/rladies-buffalo/,28-05-2017,4,0,public,21-11-2019
700,Seattle useR Group (R Programming Language),Seattle,USA,US/Canada,2848,https://www.meetup.com/Seattle-useR/,12-12-2009,84,0,public,28-01-2021
701,Houston R Users Group,Houston,USA,US/Canada,1406,https://www.meetup.com/houstonr/,01-11-2010,80,0,public,04-12-2019
702,Canberra R Users Group,Canberra,Australia,Australia,331,https://www.meetup.com/Canberra-R-Users-Group/,19-07-2010,34,1,public,28-11-2019
703,R-Ladies RTP,Durham,USA,US/Canada,847,https://www.meetup.com/rladies-rtp/,15-08-2016,55,0,public,26-05-2021
705,Hamburg R User Group,Hamburg,Germany,Europe,843,https://www.meetup.com/Hamburg-R-User-Group/,20-09-2014,21,0,public,18-05-2021
708,A-State R User Group,Jonesboro,USA,US/Canada,31,https://www.meetup.com/meetup-group-SPnWerAb/,01-04-2020,3,0,public,21-09-2020
709,R-Ladies Los Angeles,Los Angeles,USA,US/Canada,629,https://www.meetup.com/rladies-la/,02-09-2016,32,0,public,29-07-2020
710,R Users Group Hyderabad(RUGH),Hyderabad,India,Asia,506,https://www.meetup.com/R-Users-Group-Hyderabad/,15-09-2013,5,0,public,27-01-2018
711,XMU-R,Xiamen,China,Asia,245,https://www.meetup.com/RGROUP/,11-09-2014,22,0,public,12-01-2015
712,Botswana R Users,Gaborone,Botswana,Africa,71,https://www.meetup.com/Botswana-R-Users/,04-02-2020,3,0,public,12-03-2021
714,Köln R User Group,Köln,Germany,Europe,1010,https://www.meetup.com/KoelnRUG/,30-03-2012,31,1,public,19-11-2020
715,R-Ladies CDMX,México City,Mexico,Latin America,1965,https://www.meetup.com/rladies-cdmx/,04-07-2017,20,0,public,10-06-2021
716,R-Ladies Tbilisi,Tbilisi,Georgia,Asia,329,https://www.meetup.com/rladies-tbilisi/,29-11-2016,71,2,public,10-06-2021
717,R-Ladies Berlin,Berlin,Germany,Europe,657,https://www.meetup.com/rladies-berlin/,31-10-2016,28,0,public,04-11-2020
718,R-Ladies Rio de Janeiro,Rio de Janeiro,Brazil,Latin America,607,https://www.meetup.com/rladies-rio/,27-02-2017,11,0,public_limited,30-09-2020
719,R-Ladies Madison,Madison,USA,US/Canada,124,https://www.meetup.com/R-Ladies-Madison/,30-04-2019,10,0,public,22-01-2021
720,R-Ladies St. Louis,Saint Louis,USA,US/Canada,812,https://www.meetup.com/rladies-st-louis/,28-08-2017,22,0,public,13-04-2021
721,Business analytics and R Business,Melbourne,Australia,Australia,34,https://www.meetup.com/r-business/,10-04-2021,1,0,public,10-06-2021
722,Lads and Lasses Who R,Merrifield,USA,US/Canada,234,https://www.meetup.com/Lads-and-Lasses-Who-R/,16-07-2018,17,0,public_limited,17-12-2019
723,R-Ladies Yaoundé,Yaoundé,Cameroon,Africa,58,https://www.meetup.com/rladies-yaounde/,05-01-2020,0,0,public,01-01-1970
724,Pune  R users Meetup,Pune,India,Asia,218,https://www.meetup.com/Pune-R-junkies-Meetup/,30-11-2014,0,1,public,01-01-1970
725,R-Ladies Fayetteville,Fayetteville,USA,US/Canada,129,https://www.meetup.com/rladies-fayetteville/,27-07-2019,11,0,public,27-01-2021
726,R-Ladies Seattle,Seattle,USA,US/Canada,1007,https://www.meetup.com/rladies-seattle/,08-11-2017,42,0,public,26-05-2021
727,R Skopje,Skopje,Macedonia,Europe,34,https://www.meetup.com/RSkopje/,29-02-2020,4,0,public,24-12-2020
728,R-Ladies Manaus,Manaus,Brazil,Latin America,30,https://www.meetup.com/R-Ladies-Manaus/,11-09-2019,0,0,public,01-01-1970
729,CinDay RUG,Dayton,USA,US/Canada,301,https://www.meetup.com/CinDay-RUG/,10-11-2010,47,0,public,16-02-2021
730,Taiwan R User Group / MLDM Monday,Taipei,Taiwan,Asia,7299,https://www.meetup.com/Taiwan-R/,28-09-2012,361,0,public,26-04-2021
731,R-Ladies Strasbourg,Strasbourg,France,Europe,82,https://www.meetup.com/rladies-strasbourg/,27-09-2017,12,0,public,11-03-2021
732,"eRfahrungsaustausch zum Thema ""R"" in Esslingen",Esslingen,Germany,Europe,30,https://www.meetup.com/eRfahrungsaustausch-zum-Thema-R-in-Esslingen/,25-11-2017,4,0,public,12-04-2018
733,Kolkata Data Science Meetup,Kolkata,India,Asia,977,https://www.meetup.com/Kolkata-Data-Science-Meetup/,03-12-2014,1,0,public,16-12-2014
734,RBelgium,Brussels,Belgium,Europe,766,https://www.meetup.com/RBelgium/,19-12-2011,22,0,public,04-11-2020
736,Stan Users - Boston/Camberville,Cambridge,USA,US/Canada,402,https://www.meetup.com/Stan-Users-Boston-Camberville/,02-09-2015,17,0,public,23-01-2019
738,Nijmegen eveRybody,Nijmegen,Netherlands,Europe,255,https://www.meetup.com/Nijmegen-eveRybody/,11-04-2015,6,0,public,25-01-2017
740,Ha Noi R Users Group Meetup,Ha Noi,Vietnam,Asia,373,https://www.meetup.com/Ha-Noi-R-Users-Group-Meetup/,13-11-2014,0,0,public,01-01-1970
743,ODSC London Data Science,London,United Kingdom,Europe,6679,https://www.meetup.com/London-Data-Science-ODSC/,29-06-2015,149,5,public,08-06-2021
744,San Francisco Data Science ODSC,San Francisco,USA,US/Canada,4104,https://www.meetup.com/San-Francisco-ODSC/,26-06-2015,177,1,public,02-06-2021
745,France KNIME Users,Paris,France,Europe,335,https://www.meetup.com/Paris-KNIME-Users/,27-04-2015,32,1,public,01-06-2021
746,RLyon,Lyon,France,Europe,129,https://www.meetup.com/R-Lyon/,19-11-2013,6,0,public,18-03-2016
747,ODSC Data Science Boston,Cambridge,USA,US/Canada,2838,https://www.meetup.com/odsc-open-source-data-science/,09-09-2013,205,1,public,02-06-2021
748,useR Group in San Luis Obispo County,San Luis Obispo,USA,US/Canada,277,https://www.meetup.com/useR-Group-in-San-Luis-Obispo-County/,18-03-2019,32,0,public,10-04-2021
749,PyData Athens,Athens,Greece,Europe,1179,https://www.meetup.com/PyData-Athens/,13-04-2018,15,0,public,11-11-2020
753,Delhi R Users Group Meetup,Delhi,India,Asia,115,https://www.meetup.com/Delhi-R-Users-Group-Meetup/,22-05-2014,0,0,public,01-01-1970
757,PyData Cardiff Meetup,Cardiff,United Kingdom,Europe,938,https://www.meetup.com/PyData-Cardiff-Meetup/,06-02-2018,12,0,public,11-02-2020
758,Data Science Floripa,Florianópolis,Brazil,Latin America,1935,https://www.meetup.com/dsfloripa/,16-04-2015,17,0,public,18-02-2020
759,Colchester Scientific Programming Meetup Group,Colchester,United Kingdom,Europe,33,https://www.meetup.com/colchester-scientific-programming-meetup-group/,08-03-2021,15,0,public,11-06-2021
760,Alpine Data Lovers,Garmisch-Partenkirchen,Germany,Europe,62,https://www.meetup.com/alpine-data-lovers/,18-12-2019,8,0,public,09-02-2021
761,Uppsala useRs,Uppsala,Sweden,Europe,9,https://www.meetup.com/uppsala-users/,09-04-2021,0,0,public,01-01-1970
766,NYCFinance,New York,USA,US/Canada,301,https://www.meetup.com/NYCFinance/,17-02-2018,181,3,public,08-06-2021
767,Seacoast (ME/NH) Data Science Meetup,Portsmouth,USA,US/Canada,129,https://www.meetup.com/Seacoast-ME-NH-Data-Science-Meetup/,15-01-2016,1,0,public,09-02-2016
794,R-Ladies Ribeirão Preto,Ribeirão Preto,Brazil,Latin America,125,https://www.meetup.com/rladies-ribeirao-preto/,06-03-2020,2,1,public,30-11-2020
795,Midwest Julia Users,Chicago,USA,US/Canada,152,https://www.meetup.com/Midwest-Julia-Users/,13-10-2016,3,1,public,24-07-2020
796,Julia User Group Munich,München,Germany,Europe,287,https://www.meetup.com/Julia-User-Group-Munich/,08-01-2020,14,0,public,03-05-2021
797,Milwaukee Data Science,Milwaukee,USA,US/Canada,516,https://www.meetup.com/Milwaukee-Data-Science/,30-10-2013,12,0,public,10-10-2019
798,Data Science Women,Denver,USA,US/Canada,669,https://www.meetup.com/data-science-women/,03-11-2018,7,0,public,01-02-2020
799,AI in Financial Services,Frankfurt,Germany,Europe,302,https://www.meetup.com/AI-Big-Data-and-Network-Analysis-in-Financial-Services/,26-01-2018,4,0,public,25-05-2021
800,Newbury AI Meetup,Newbury,United Kingdom,Europe,407,https://www.meetup.com/Newbury-AI-Meetup/,24-08-2018,34,0,public_limited,15-04-2021
801,Argentina Data Science Meetup,Buenos Aires,Argentina,Latin America,4047,https://www.meetup.com/Argentina-Data-Science-Meetup/,26-01-2016,11,0,public,03-10-2019
802,R-Ladies Quito,Quito,Ecuador,Latin America,818,https://www.meetup.com/rladies-quito/,18-07-2017,10,0,public,01-07-2020
803,R-Ladies Puebla,Puebla,Mexico,Latin America,1414,https://www.meetup.com/rladies-puebla/,19-07-2019,9,1,public,08-05-2021
804,R-Ladies Salvador,Salvador,Brazil,Latin America,241,https://www.meetup.com/rladies-salvador/,23-07-2018,6,0,public,12-12-2020
805,R-Ladies Athens,Athens,USA,US/Canada,61,https://www.meetup.com/rladies-athens-ga/,31-08-2019,5,0,public,23-04-2021
806,R-Ladies Denver,Denver,USA,US/Canada,107,https://www.meetup.com/rladies-denver/,02-07-2019,6,0,public,25-05-2021
807,R-Ladies Addis Ababa,Addis Abeba,Ethiopia,Africa,538,https://www.meetup.com/rladies-addis-ababa/,21-03-2018,26,0,public,09-03-2021
808,R-Ladies Göteborg,Göteborg,Sweden,Europe,160,https://www.meetup.com/rladies-goteborg/,23-11-2019,5,0,public,03-11-2020
809,R-Ladies New Delhi,Delhi,India,Asia,340,https://www.meetup.com/rladies-new-delhi/,01-09-2019,9,0,public,06-09-2020
810,R-Ladies Gainesville,Gainesville,USA,US/Canada,355,https://www.meetup.com/rladies-gainesville/,04-07-2018,31,0,public,10-11-2020
811,R-Ladies Atlanta,Atlanta,USA,US/Canada,279,https://www.meetup.com/rladies-atlanta/,14-12-2017,6,0,public,15-11-2019
812,R-Ladies Jakarta,Jakarta,Indonesia,Asia,570,https://www.meetup.com/rladies-jakarta/,06-07-2019,13,0,public,03-04-2021
813,R-Ladies Dallas,Dallas,USA,US/Canada,670,https://www.meetup.com/rladies-dallas/,04-03-2018,34,3,public,01-06-2021
814,R-Ladies Lavras,Lavras,Brazil,Latin America,58,https://www.meetup.com/rladies-lavras/,16-04-2019,4,0,public,08-06-2021
815,R-Ladies Cotonou,Cotonou,Benin,Africa,35,https://www.meetup.com/rladies-cotonou/,29-03-2018,2,0,public,08-02-2020
816,R-Ladies Helsinki,Helsinki,Finland,Europe,408,https://www.meetup.com/rladies-helsinki/,07-09-2018,15,0,public,10-03-2021
817,R-Ladies Mumbai,Mumbai,India,Asia,101,https://www.meetup.com/rladies-mumbai/,23-11-2019,2,0,public,27-02-2021
818,R-Ladies Oxford,Oxford,United Kingdom,Europe,32,https://www.meetup.com/rladies-oxford/,12-01-2020,0,0,public,01-01-1970
819,R-Ladies Niš,Niš,Serbia,Europe,12,https://www.meetup.com/rladies-nis/,22-02-2020,0,0,public,01-01-1970
820,R-Ladies Boston,Boston,USA,US/Canada,969,https://www.meetup.com/rladies-boston/,16-09-2016,42,0,public,12-01-2021
821,"R-Ladies London, Ontario",London,Canada,US/Canada,461,https://www.meetup.com/rladies-ldnont/,17-01-2017,28,0,public,03-03-2020
822,R-Ladies Coventry,Coventry,United Kingdom,Europe,271,https://www.meetup.com/rladies-coventry/,22-02-2020,5,0,public,18-05-2021
823,R-Ladies São Mateus,São Mateus,Brazil,Latin America,7,https://www.meetup.com/rladies-sao-mateus/,21-03-2021,0,0,public,01-01-1970
824,R-Ladies São Paulo,São Paulo,Brazil,Latin America,1272,https://www.meetup.com/rladies-sao-paulo/,10-02-2018,23,0,public,08-05-2021
825,R-Ladies Colombo,Colombo,Sri Lanka,Asia,279,https://www.meetup.com/rladies-colombo/,15-12-2019,5,0,public,22-04-2021
826,R-Ladies Syracuse,Syracuse,USA,US/Canada,8,https://www.meetup.com/rladies-syracuse/,30-11-2019,0,0,public,01-01-1970
827,R-Ladies Kingston,Kingston,Canada,US/Canada,3,https://www.meetup.com/rladies-kingston/,21-03-2021,0,0,public,01-01-1970
828,R-Ladies New Orleans,New Orleans,USA,US/Canada,38,https://www.meetup.com/rladies-new-orleans/,30-11-2019,1,0,public,11-02-2020
829,R-Ladies Darwin,Darwin,Australia,Australia,7,https://www.meetup.com/rladies-darwin/,21-03-2021,0,0,public,01-01-1970
830,R-Ladies Nairobi,Nairobi,Kenya,Africa,730,https://www.meetup.com/rladies-nairobi/,13-06-2020,9,0,public,12-06-2021
831,R-Ladies Mid-Mo,Columbia,USA,US/Canada,117,https://www.meetup.com/rladies-mid-mo/,15-12-2019,15,0,public,27-04-2021
832,R-Ladies Monterrey,Monterrey,Mexico,Latin America,349,https://www.meetup.com/rladies-monterrey/,12-01-2020,8,0,public,05-03-2021
833,R-Ladies Vitória,Vitória,Brazil,Latin America,201,https://www.meetup.com/rladies-vitoria/,29-09-2019,4,0,public,28-04-2021
834,R-Ladies Dublin,Dublin,Ireland,Europe,851,https://www.meetup.com/rladies-dublin/,12-11-2016,25,0,public,15-02-2021
835,R-Ladies Belo Horizonte,Belo Horizonte,Brazil,Latin America,870,https://www.meetup.com/rladies-belo-horizonte/,20-04-2018,18,0,public,26-05-2021
836,R-Ladies Milan,Milano,Italy,Europe,1043,https://www.meetup.com/rladies-milan/,29-06-2017,30,0,public,08-06-2021
837,R-Ladies New York,New York,USA,US/Canada,2037,https://www.meetup.com/rladies-newyork/,23-08-2016,59,0,public,10-06-2021
838,R-Ladies Lexington Park,Lexington Park,USA,US/Canada,36,https://www.meetup.com/rladies-lexington-park/,16-08-2019,2,0,public,15-12-2020
839,R-Ladies Cuernavaca,Cuernavaca,Mexico,Latin America,516,https://www.meetup.com/rladies-cuernavaca/,15-08-2019,12,0,public,06-05-2021
840,R Ladies Aarhus,Aarhus,Denmark,Europe,17,https://www.meetup.com/rladies-aarhus/,20-11-2020,0,1,public,01-01-1970
841,R-Ladies Cochabamba,Cochabamba,Bolivia,Latin America,12,https://www.meetup.com/rladies-cochabamba/,12-06-2020,0,0,public,01-01-1970
842,R-Ladies Jujuy,Jujuy,Argentina,Latin America,131,https://www.meetup.com/rladies-jujuy/,20-11-2020,1,0,public,21-12-2020
843,R-Ladies Austin,Austin,USA,US/Canada,636,https://www.meetup.com/rladies-austin/,31-01-2017,45,0,public,22-01-2020
844,R-Ladies Ankara,Ankara,Turkey,Europe,598,https://www.meetup.com/rladies-ankara/,01-07-2019,16,0,public,23-03-2021
845,R-Ladies Den Bosch,Den Bosch,Netherlands,Europe,114,https://www.meetup.com/rladies-den-bosch/,23-03-2019,7,0,public,28-04-2021
846,R-Ladies Ushuaia,Ushuaia,Argentina,Latin America,29,https://www.meetup.com/rladies-ushuaia/,16-05-2020,3,0,public,07-12-2020
847,R-Ladies Bogor,Bogor,Indonesia,Asia,278,https://www.meetup.com/rladies-bogor/,07-04-2019,8,0,public,29-02-2020
848,R-Ladies Calgary,Calgary,Canada,US/Canada,155,https://www.meetup.com/rladies-calgary/,14-09-2019,4,0,public,31-05-2021
849,R-Ladies Podgorica,Podgorica,Montenegro,Europe,28,https://www.meetup.com/rladies-podgorica/,18-09-2019,1,0,public,03-10-2019
850,R-Ladies Lagos,Lagos,Nigeria,Africa,302,https://www.meetup.com/rladies-lagos/,16-08-2019,3,0,public,22-02-2020
851,R-Ladies Al-Khartum,al-Khartum,Sudan,Africa,47,https://www.meetup.com/rladies-al-khartum/,23-11-2019,0,0,public,01-01-1970
852,R-Ladies Masqat,Muscat,Oman,Asia,131,https://www.meetup.com/rladies-masqat/,31-10-2019,1,0,public,08-02-2020
853,R-Ladies Oxford Ohio,Oxford,USA,US/Canada,57,https://www.meetup.com/rladies-oxford-ohio/,23-11-2019,4,0,public,03-03-2021
854,R-Ladies Beijing,Beijing,China,Asia,56,https://www.meetup.com/rladies-beijing/,13-11-2019,3,0,public,09-07-2020
855,R-Ladies Nelson,Nelson,New Zealand,Australia,18,https://www.meetup.com/rladies-nelson/,23-03-2019,0,0,public,01-01-1970
856,R-Ladies Medellín,Medellín,Colombia,Latin America,542,https://www.meetup.com/rladies-medellin/,28-09-2019,6,1,public,24-03-2021
857,R-Ladies Queretaro,Querétaro,Mexico,Latin America,601,https://www.meetup.com/rladies-queretaro/,30-03-2019,14,1,public,11-03-2021
858,R-Ladies Eskisehir,Eskisehir,Turkey,Europe,221,https://www.meetup.com/rladies-eskisehir/,13-11-2019,17,0,public,03-06-2021
859,R-Ladies Floripa,Florianópolis,Brazil,Latin America,443,https://www.meetup.com/rladies-florianopolis/,07-04-2019,8,0,public,19-02-2020
860,R-Ladies Galapagos Islands,Puerto Ayora,Ecuador,Pacific/Galapagos,259,https://www.meetup.com/rladies-galapagos-islands/,12-01-2020,15,1,public,10-06-2021
861,R-Ladies Pachuca,Pachuca,Mexico,Latin America,16,https://www.meetup.com/rladies-pachuca/,15-09-2019,0,0,public,01-01-1970
862,R-Ladies Banda Aceh,Banda Aceh,Indonesia,Asia,36,https://www.meetup.com/rladies-banda-aceh/,24-06-2020,2,0,public,29-11-2020
863,R-Ladies Barranquilla,Barranquilla,Colombia,Latin America,245,https://www.meetup.com/rladies-barranquilla/,02-05-2020,8,0,public,10-06-2021
864,R-Ladies Göttingen,Göttingen,Germany,Europe,25,https://www.meetup.com/rladies-gottingen/,27-03-2021,2,0,public,28-05-2021
865,R-Ladies Thessaloníki,Thessaloníki,Greece,Europe,7,https://www.meetup.com/rladies-thessaloniki/,21-03-2021,0,0,public,01-01-1970
866,R-Ladies Izmir,Izmir,Turkey,Europe,11,https://www.meetup.com/rladies-izmir/,12-02-2021,0,0,public,01-01-1970
867,R-Ladies Asunción,Asunción,Paraguay,Latin America,73,https://www.meetup.com/rladies-asuncion/,03-07-2020,1,0,public,11-07-2020
868,R-Ladies Bangalore,Bangalore,India,Asia,147,https://www.meetup.com/rladies-bangalore/,12-08-2020,9,0,public,25-04-2021
869,R-Ladies Milagro,Milagro,Ecuador,Latin America,97,https://www.meetup.com/rladies-milagro/,16-04-2021,3,0,public,10-06-2021
870,R-Ladies Natal,Natal,Brazil,Latin America,407,https://www.meetup.com/rladies-natal/,07-06-2020,9,0,public,04-06-2021
871,R-Ladies Curitiba,Curitiba,Brazil,Latin America,54,https://www.meetup.com/rladies-curitiba/,12-06-2020,3,0,public,01-12-2020
872,R-Ladies Waltham,Waltham,USA,US/Canada,25,https://www.meetup.com/rladies-waltham/,03-07-2020,1,0,public,13-11-2020
873,R-Ladies Tunis,Tunis,Tunisia,Africa,907,https://www.meetup.com/rladies-tunis/,15-05-2020,42,1,public,11-06-2021
874,R-Ladies Saudi Arabia (Dammam),Dammam,Saudi Arabia,Asia,266,https://www.meetup.com/rladies-dammam/,20-11-2020,6,0,public,09-06-2021
875,R-Ladies Comitán,Comitan,Mexico,Latin America,51,https://www.meetup.com/rladies-comitan/,27-03-2021,1,0,public,25-05-2021
876,R-Ladies Algiers,al-Jaza´ir,Algeria,Africa,167,https://www.meetup.com/rladies-algiers/,02-05-2020,3,0,public,24-11-2020
877,R-Ladies Fortaleza,Fortaleza,Brazil,Latin America,108,https://www.meetup.com/rladies-fortaleza/,09-06-2020,2,0,public,12-12-2020
878,R-Ladies Glasgow,Glasgow,United Kingdom,Europe,61,https://www.meetup.com/rladies-glasgow/,24-06-2020,2,0,public,12-03-2021
879,R-Ladies Brasília,Brasília,Brazil,Latin America,13,https://www.meetup.com/rladies-brasilia/,21-03-2021,0,0,public,01-01-1970
880,R-Ladies Cordoba,Córdoba,Argentina,Latin America,32,https://www.meetup.com/rladies-cordoba/,14-05-2020,3,0,public,07-12-2020
881,R-Ladies General Pico,General Pico,Argentina,Latin America,63,https://www.meetup.com/rladies-general-pico/,14-03-2020,5,0,public,03-10-2020
882,R-Ladies Kuala Lumpur,Kuala Lumpur,Malaysia,Asia,14,https://www.meetup.com/rladies-kuala-lumpur/,23-11-2020,0,0,public,01-01-1970
883,R-Ladies Ha Noi,Ha Noi,Vietnam,Asia,45,https://www.meetup.com/rladies-ha-noi/,16-02-2020,0,0,public,01-01-1970
884,R-Ladies Aguascalientes,Aguascalientes,Mexico,Latin America,318,https://www.meetup.com/rladies-aguascalientes/,22-02-2020,5,0,public,24-11-2020
885,R-Ladies Tijuana,Tijuana,Mexico,Latin America,48,https://www.meetup.com/rladies-tijuana/,24-08-2020,2,0,public,25-09-2020
886,R-Ladies Concepción,Concepción,Chile,Latin America,543,https://www.meetup.com/rladies-concepcion/,16-04-2019,36,0,public,03-06-2021
887,R-Ladies Guadalajara,Guadalajara,Mexico,Latin America,664,https://www.meetup.com/rladies-guadalajara/,15-08-2020,5,0,public,26-03-2021
888,R-Ladies Athens Greece,Athens,Greece,Europe,12,https://www.meetup.com/rladies-athens-gr/,21-03-2021,0,0,public,01-01-1970
889,R-Ladies Talca,Talca,Chile,Latin America,173,https://www.meetup.com/rladies-talca/,14-05-2020,11,0,public,03-06-2021
890,R-Ladies Bogotá,Bogotá,Colombia,Latin America,309,https://www.meetup.com/rladies-bogota/,22-09-2017,9,0,public,06-05-2021
